# WaveFront *.obj file (generated by Autodesk ATF)

mtllib unity machine.mtl

g ボディ1

v 75.000000 22.970668 114.004090
v 75.000000 22.963792 114.652839
v 75.000000 22.934079 115.299534
v 75.000000 22.861855 115.942404
v 75.000000 22.759205 116.582536
v 65.000000 22.759205 116.582536
v 65.000000 22.861855 115.942404
v 65.000000 22.934079 115.299534
v 65.000000 22.963792 114.652839
v 65.000000 22.970668 114.004090
v 75.000000 22.630245 117.012390
v 75.000000 22.469530 117.427403
v 75.000000 22.255384 117.817446
v 75.000000 22.008863 118.192358
v 65.000000 22.008863 118.192358
v 65.000000 22.255384 117.817446
v 65.000000 22.469530 117.427403
v 65.000000 22.630245 117.012390
v 75.000000 21.664732 118.555195
v 75.000000 21.290094 118.877194
v 75.000000 20.868184 119.135911
v 75.000000 20.419508 119.358797
v 65.000000 20.419508 119.358797
v 65.000000 20.868184 119.135911
v 65.000000 21.290094 118.877194
v 65.000000 21.664732 118.555195
v 75.000000 19.856357 119.556387
v 75.000000 19.283941 119.707625
v 75.000000 18.696502 119.783712
v 75.000000 18.100272 119.815823
v 65.000000 18.100272 119.815823
v 65.000000 18.696502 119.783712
v 65.000000 19.283941 119.707625
v 65.000000 19.856357 119.556387
v 75.000000 16.700424 119.608059
v 75.000000 16.036211 119.433813
v 75.000000 15.414846 119.175135
v 75.000000 14.844629 118.815675
v 75.000000 14.315426 118.375401
v 75.000000 13.325375 117.360162
v 65.000000 13.325375 117.360162
v 65.000000 14.315426 118.375401
v 65.000000 14.844629 118.815675
v 65.000000 15.414846 119.175135
v 65.000000 16.036211 119.433813
v 65.000000 16.700424 119.608059
v 75.000000 13.325375 119.488401
v 65.000000 13.325375 119.488401
v 75.000000 9.764665 119.488401
v 65.000000 9.764665 119.488401
v 75.000000 9.764665 104.999998
v 65.000000 9.764665 104.999998
v 75.000000 13.598226 104.999998
v 65.000000 13.598226 104.999998
v 75.000000 13.598226 111.562071
v 65.000000 13.598226 111.562071
v 75.000000 13.599798 112.401674
v 75.000000 13.635581 113.237746
v 75.000000 13.737291 114.067013
v 75.000000 13.891540 114.890857
v 65.000000 13.891540 114.890857
v 65.000000 13.737291 114.067013
v 65.000000 13.635581 113.237746
v 65.000000 13.599798 112.401674
v 75.000000 14.078512 115.315426
v 75.000000 14.311533 115.705508
v 75.000000 14.620990 116.038344
v 75.000000 14.976126 116.336969
v 65.000000 14.976126 116.336969
v 65.000000 14.620990 116.038344
v 65.000000 14.311533 115.705508
v 65.000000 14.078512 115.315426
v 75.000000 15.393504 116.569224
v 75.000000 15.827039 116.748843
v 75.000000 16.287244 116.841580
v 75.000000 16.763302 116.882671
v 65.000000 16.763302 116.882671
v 65.000000 16.287244 116.841580
v 65.000000 15.827039 116.748843
v 65.000000 15.393504 116.569224
v 75.000000 17.116442 116.857308
v 75.000000 17.458649 116.794729
v 75.000000 17.781960 116.667825
v 75.000000 18.093449 116.500679
v 65.000000 18.093449 116.500679
v 65.000000 17.781960 116.667825
v 65.000000 17.458649 116.794729
v 65.000000 17.116442 116.857308
v 75.000000 18.352406 116.277577
v 75.000000 18.578390 116.029714
v 75.000000 18.750715 115.741553
v 75.000000 18.891540 115.429739
v 65.000000 18.891540 115.429739
v 65.000000 18.750715 115.741553
v 65.000000 18.578390 116.029714
v 65.000000 18.352406 116.277577
v 75.000000 19.027091 114.678206
v 75.000000 19.112856 113.921749
v 75.000000 19.139986 113.159493
v 75.000000 19.137107 112.394269
v 65.000000 19.137107 112.394269
v 65.000000 19.139986 113.159493
v 65.000000 19.112856 113.921749
v 65.000000 19.027091 114.678206
v 75.000000 19.137107 104.999998
v 65.000000 19.137107 104.999998
v 75.000000 22.970668 104.999998
v 65.000000 22.970668 104.999998
v 75.000000 5.862890 104.999998
v 75.000000 5.862890 119.488401
v 65.000000 5.862890 119.488401
v 65.000000 5.862890 104.999998
v 75.000000 2.029332 119.488401
v 65.000000 2.029332 119.488401
v 75.000000 2.029332 104.999998
v 65.000000 2.029332 104.999998
v 75.000000 5.862890 121.452931
v 75.000000 5.862890 124.999998
v 65.000000 5.862890 124.999998
v 65.000000 5.862890 121.452931
v 75.000000 2.029332 124.999998
v 65.000000 2.029332 124.999998
v 75.000000 2.029332 121.452931
v 65.000000 2.029332 121.452931
v -50.000000 -8.055933 119.686220
v -50.000000 -8.055933 124.802182
v -40.000000 -8.055933 124.802182
v -40.000000 -8.055933 119.686220
v -50.000000 -4.208730 122.564801
v -40.000000 -4.208730 122.564801
v -50.000000 -4.208730 119.686220
v -40.000000 -4.208730 119.686220
v -50.000000 -2.448838 119.686220
v -40.000000 -2.448838 119.686220
v -50.000000 -2.448838 116.630286
v -40.000000 -2.448838 116.630286
v -50.000000 -4.208730 116.630286
v -40.000000 -4.208730 116.630286
v -50.000000 -4.208730 110.313778
v -40.000000 -4.208730 110.313778
v -50.000000 -4.208083 109.636760
v -50.000000 -4.222181 108.960546
v -50.000000 -4.264955 108.285899
v -50.000000 -4.331511 107.612550
v -40.000000 -4.331511 107.612550
v -40.000000 -4.264955 108.285899
v -40.000000 -4.222181 108.960546
v -40.000000 -4.208083 109.636760
v -50.000000 -4.409785 107.218081
v -50.000000 -4.517063 106.834405
v -50.000000 -4.676439 106.470113
v -50.000000 -4.870394 106.118689
v -40.000000 -4.870394 106.118689
v -40.000000 -4.676439 106.470113
v -40.000000 -4.517063 106.834405
v -40.000000 -4.409785 107.218081
v -50.000000 -5.130206 105.833339
v -50.000000 -5.416285 105.582816
v -50.000000 -5.742555 105.385580
v -50.000000 -6.091402 105.218279
v -40.000000 -6.091402 105.218279
v -40.000000 -5.742555 105.385580
v -40.000000 -5.416285 105.582816
v -40.000000 -5.130206 105.833339
v -50.000000 -6.546363 105.066531
v -50.000000 -7.008213 104.951074
v -50.000000 -7.481116 104.893841
v -50.000000 -7.960432 104.870393
v -40.000000 -7.960432 104.870393
v -40.000000 -7.481116 104.893841
v -40.000000 -7.008213 104.951074
v -40.000000 -6.546363 105.066531
v -50.000000 -8.737922 104.908485
v -50.000000 -9.504623 105.002388
v -50.000000 -10.252682 105.192728
v -50.000000 -10.989083 105.443382
v -40.000000 -10.989083 105.443382
v -40.000000 -10.252682 105.192728
v -40.000000 -9.504623 105.002388
v -40.000000 -8.737922 104.908485
v -50.000000 -10.661667 108.417461
v -40.000000 -10.661667 108.417461
v -50.000000 -10.285380 108.284733
v -50.000000 -9.904632 108.171894
v -50.000000 -9.515466 108.096579
v -50.000000 -9.120053 108.049111
v -40.000000 -9.120053 108.049111
v -40.000000 -9.515466 108.096579
v -40.000000 -9.904632 108.171894
v -40.000000 -10.285380 108.284733
v -50.000000 -8.947420 108.061666
v -50.000000 -8.780419 108.092869
v -50.000000 -8.623167 108.156363
v -50.000000 -8.472031 108.240108
v -40.000000 -8.472031 108.240108
v -40.000000 -8.623167 108.156363
v -40.000000 -8.780419 108.092869
v -40.000000 -8.947420 108.061666
v -50.000000 -8.356625 108.340136
v -50.000000 -8.257409 108.451470
v -50.000000 -8.185739 108.582042
v -50.000000 -8.130968 108.724418
v -40.000000 -8.130968 108.724418
v -40.000000 -8.185739 108.582042
v -40.000000 -8.257409 108.451470
v -40.000000 -8.356625 108.340136
v -45.000000 -8.185739 108.582042
v -45.000000 -8.257409 108.451470
v -50.000000 -8.084891 109.239791
v -50.000000 -8.058359 109.756122
v -50.000000 -8.052057 110.273446
v -50.000000 -8.055933 110.791268
v -40.000000 -8.055933 110.791268
v -40.000000 -8.052057 110.273446
v -40.000000 -8.058359 109.756122
v -40.000000 -8.084891 109.239791
v -50.000000 -8.055933 116.630286
v -40.000000 -8.055933 116.630286
v -50.000000 -10.675305 116.630286
v -40.000000 -10.675305 116.630286
v -50.000000 -10.675305 119.686220
v -40.000000 -10.675305 119.686220
v -50.000000 -0.061391 105.197816
v -50.000000 -0.061391 119.686220
v -40.000000 -0.061391 119.686220
v -40.000000 -0.061391 105.197816
v -50.000000 3.772170 119.686220
v -40.000000 3.772170 119.686220
v -50.000000 3.772170 113.574352
v -40.000000 3.772170 113.574352
v -50.000000 3.766012 112.590060
v -50.000000 3.795791 111.609068
v -50.000000 3.896201 110.634563
v -50.000000 4.058663 109.665756
v -40.000000 4.058663 109.665756
v -40.000000 3.896201 110.634563
v -40.000000 3.795791 111.609068
v -40.000000 3.766012 112.590060
v -50.000000 4.250386 109.272938
v -50.000000 4.483536 108.912777
v -50.000000 4.783630 108.605384
v -50.000000 5.122787 108.328786
v -40.000000 5.122787 108.328786
v -40.000000 4.783630 108.605384
v -40.000000 4.483536 108.912777
v -40.000000 4.250386 109.272938
v -50.000000 5.533584 108.099316
v -50.000000 5.960412 107.921909
v -50.000000 6.413686 107.830392
v -50.000000 6.882674 107.789903
v -40.000000 6.882674 107.789903
v -40.000000 6.413686 107.830392
v -40.000000 5.960412 107.921909
v -40.000000 5.533584 108.099316
v -50.000000 7.259819 107.814165
v -50.000000 7.625215 107.878404
v -50.000000 7.969966 108.012890
v -50.000000 8.301498 108.192358
v -40.000000 8.301498 108.192358
v -40.000000 7.969966 108.012890
v -40.000000 7.625215 107.878404
v -40.000000 7.259819 107.814165
v -50.000000 8.557422 108.420365
v -50.000000 8.778553 108.673052
v -50.000000 8.942409 108.966364
v -50.000000 9.072305 109.283764
v -40.000000 9.072305 109.283764
v -40.000000 8.942409 108.966364
v -40.000000 8.778553 108.673052
v -40.000000 8.557422 108.420365
v -50.000000 9.195386 110.214898
v -50.000000 9.269729 111.149562
v -50.000000 9.290350 112.088119
v -50.000000 9.283764 113.028648
v -40.000000 9.283764 113.028648
v -40.000000 9.290350 112.088119
v -40.000000 9.269729 111.149562
v -40.000000 9.195386 110.214898
v -50.000000 9.283764 119.686220
v -40.000000 9.283764 119.686220
v -50.000000 13.117327 119.686220
v -40.000000 13.117327 119.686220
v -50.000000 13.117327 110.518417
v -40.000000 13.117327 110.518417
v -50.000000 13.096158 109.698007
v -50.000000 13.020353 108.887124
v -50.000000 12.844310 108.093721
v -50.000000 12.598910 107.312412
v -40.000000 12.598910 107.312412
v -40.000000 12.844310 108.093721
v -40.000000 13.020353 108.887124
v -40.000000 13.096158 109.698007
v -50.000000 12.283349 106.765717
v -50.000000 11.910612 106.272096
v -50.000000 11.443686 105.865907
v -50.000000 10.920874 105.511594
v -40.000000 10.920874 105.511594
v -40.000000 11.443686 105.865907
v -40.000000 11.910612 106.272096
v -40.000000 12.283349 106.765717
v -50.000000 10.294994 105.234627
v -50.000000 9.653015 105.022506
v -50.000000 8.984908 104.915630
v -50.000000 8.301498 104.870393
v -40.000000 8.301498 104.870393
v -40.000000 8.984908 104.915630
v -40.000000 9.653015 105.022506
v -40.000000 10.294994 105.234627
v -50.000000 7.593082 104.923328
v -50.000000 6.899975 105.038709
v -50.000000 6.232291 105.257794
v -50.000000 5.579807 105.538881
v -40.000000 5.579807 105.538881
v -40.000000 6.232291 105.257794
v -40.000000 6.899975 105.038709
v -40.000000 7.593082 104.923328
v -50.000000 4.980625 105.906134
v -50.000000 4.424291 106.322042
v -50.000000 3.939998 106.819750
v -50.000000 3.499319 107.366984
v -40.000000 3.499319 107.366984
v -40.000000 3.939998 106.819750
v -40.000000 4.424291 106.322042
v -40.000000 4.980625 105.906134
v -50.000000 3.499319 105.197816
v -40.000000 3.499319 105.197816
v -50.000000 26.036836 115.743519
v -50.000000 25.493593 116.223990
v -50.000000 24.902731 116.599167
v -50.000000 24.231977 116.797688
v -50.000000 23.512961 116.889495
v -40.000000 23.512961 116.889495
v -40.000000 24.231977 116.797688
v -40.000000 24.902731 116.599167
v -40.000000 25.493593 116.223990
v -40.000000 26.036836 115.743519
v -50.000000 22.795240 116.797974
v -50.000000 22.125976 116.599647
v -50.000000 21.536997 116.224363
v -50.000000 20.995909 115.743519
v -40.000000 20.995909 115.743519
v -40.000000 21.536997 116.224363
v -40.000000 22.125976 116.599647
v -40.000000 22.795240 116.797974
v -50.000000 20.529154 114.994885
v -50.000000 20.186672 114.205392
v -50.000000 20.031116 113.354441
v -50.000000 19.979536 112.469304
v -40.000000 19.979536 112.469304
v -40.000000 20.031116 113.354441
v -40.000000 20.186672 114.205392
v -40.000000 20.529154 114.994885
v -50.000000 20.028950 111.570596
v -50.000000 20.183013 110.705894
v -50.000000 20.526092 109.902614
v -50.000000 20.995909 109.140518
v -40.000000 20.995909 109.140518
v -40.000000 20.526092 109.902614
v -40.000000 20.183013 110.705894
v -40.000000 20.028950 111.570596
v -50.000000 21.536997 108.659674
v -50.000000 22.125976 108.284390
v -50.000000 22.795240 108.086063
v -50.000000 23.512961 107.994542
v -40.000000 23.512961 107.994542
v -40.000000 22.795240 108.086063
v -40.000000 22.125976 108.284390
v -40.000000 21.536997 108.659674
v -50.000000 24.231977 108.086348
v -50.000000 24.902731 108.284868
v -50.000000 25.493593 108.660046
v -50.000000 26.036836 109.140518
v -40.000000 26.036836 109.140518
v -40.000000 25.493593 108.660046
v -40.000000 24.902731 108.284868
v -40.000000 24.231977 108.086348
v -50.000000 26.507949 109.895075
v -50.000000 26.852970 110.691104
v -50.000000 27.008971 111.549302
v -50.000000 27.060029 112.442017
v -40.000000 27.060029 112.442017
v -40.000000 27.008971 111.549302
v -40.000000 26.852970 110.691104
v -40.000000 26.507949 109.895075
v -50.000000 27.008971 113.334732
v -50.000000 26.852970 114.192931
v -50.000000 26.507949 114.988961
v -40.000000 26.507949 114.988961
v -40.000000 26.852970 114.192931
v -40.000000 27.008971 113.334732
v -50.000000 30.047750 108.410640
v -50.000000 29.504338 107.601166
v -50.000000 28.882150 106.873580
v -50.000000 28.129411 106.281703
v -50.000000 27.298772 105.770802
v -40.000000 27.298772 105.770802
v -40.000000 28.129411 106.281703
v -40.000000 28.882150 106.873580
v -40.000000 29.504338 107.601166
v -40.000000 30.047750 108.410640
v -50.000000 26.385217 105.392202
v -50.000000 25.451908 105.097111
v -50.000000 24.485561 104.941697
v -50.000000 23.499319 104.870393
v -40.000000 23.499319 104.870393
v -40.000000 24.485561 104.941697
v -40.000000 25.451908 105.097111
v -40.000000 26.385217 105.392202
v -50.000000 22.007504 105.028264
v -50.000000 20.600035 105.392338
v -50.000000 19.335500 106.105838
v -50.000000 18.158256 107.032740
v -40.000000 18.158256 107.032740
v -40.000000 19.335500 106.105838
v -40.000000 20.600035 105.392338
v -40.000000 22.007504 105.028264
v -50.000000 17.243994 108.243789
v -50.000000 16.542721 109.538891
v -50.000000 16.188055 110.970775
v -50.000000 16.036836 112.482946
v -40.000000 16.036836 112.482946
v -40.000000 16.188055 110.970775
v -40.000000 16.542721 109.538891
v -40.000000 17.243994 108.243789
v -50.000000 16.186080 113.980366
v -50.000000 16.536970 115.398139
v -50.000000 17.231656 116.680119
v -50.000000 18.137790 117.878580
v -40.000000 18.137790 117.878580
v -40.000000 17.231656 116.680119
v -40.000000 16.536970 115.398139
v -40.000000 16.186080 113.980366
v -50.000000 19.328321 118.801541
v -50.000000 20.605988 119.508044
v -50.000000 22.024951 119.863549
v -50.000000 23.526604 120.013641
v -40.000000 23.526604 120.013641
v -40.000000 22.024951 119.863549
v -40.000000 20.605988 119.508044
v -40.000000 19.328321 118.801541
v -50.000000 24.531523 119.945936
v -50.000000 25.514187 119.788145
v -50.000000 26.459008 119.477180
v -50.000000 27.380628 119.072305
v -40.000000 27.380628 119.072305
v -40.000000 26.459008 119.477180
v -40.000000 25.514187 119.788145
v -40.000000 24.531523 119.945936
v -50.000000 28.189162 118.529044
v -50.000000 28.919965 117.909635
v -50.000000 29.522164 117.164240
v -50.000000 30.047750 116.343791
v -40.000000 30.047750 116.343791
v -40.000000 29.522164 117.164240
v -40.000000 28.919965 117.909635
v -40.000000 28.189162 118.529044
v -50.000000 30.439549 115.459045
v -50.000000 30.746895 114.552957
v -50.000000 30.911470 113.610793
v -50.000000 30.989086 112.646656
v -40.000000 30.989086 112.646656
v -40.000000 30.911470 113.610793
v -40.000000 30.746895 114.552957
v -40.000000 30.439549 115.459045
v -50.000000 30.932781 111.546437
v -50.000000 30.782832 110.467776
v -50.000000 30.468134 109.427043
v -40.000000 30.468134 109.427043
v -40.000000 30.782832 110.467776
v -40.000000 30.932781 111.546437
v -50.000000 75.000000 145.000000
v -50.000000 75.000000 50.000000
v -50.000000 45.000000 50.000000
v -50.000000 45.000000 40.000000
v -50.000000 -20.000000 40.000000
v -50.000000 -20.000000 50.000000
v -50.000000 -50.000000 50.000000
v -50.000000 -50.000000 145.000000
v -100.000000 45.000000 50.000000
v -100.000000 45.000000 40.000000
v -100.000000 -20.000000 50.000000
v -100.000000 -20.000000 40.000000
v -100.000000 75.000000 50.000000
v -100.000000 75.000000 0.000000
v -100.000000 -50.000000 0.000000
v -100.000000 -50.000000 50.000000
v 150.000000 45.000000 50.000000
v 75.000000 45.000000 50.000000
v 75.000000 45.000000 40.000000
v 150.000000 45.000000 40.000000
v 75.000000 -20.000000 50.000000
v 150.000000 -20.000000 50.000000
v 150.000000 -20.000000 40.000000
v 75.000000 -20.000000 40.000000
v 150.000000 75.000000 50.000000
v 75.000000 75.000000 50.000000
v 75.000000 75.000000 145.000000
v 75.000000 -50.000000 145.000000
v 75.000000 -50.000000 50.000000
v 150.000000 -50.000000 50.000000
v 150.000000 -50.000000 0.000000
v 150.000000 75.000000 0.000000
vt -0.258729 0.000000 0.000000
vt -0.194047 0.000000 0.000000
vt -0.258729 1.000000 0.000000
vt -0.194047 1.000000 0.000000
vt -0.129364 0.000000 0.000000
vt -0.129364 1.000000 0.000000
vt -0.064682 0.000000 0.000000
vt -0.064682 1.000000 0.000000
vt -0.000000 0.000000 0.000000
vt -0.000000 1.000000 0.000000
vt -0.177611 0.000000 0.000000
vt -0.133208 0.000000 0.000000
vt -0.177611 1.000000 0.000000
vt -0.133208 1.000000 0.000000
vt -0.088805 0.000000 0.000000
vt -0.088805 1.000000 0.000000
vt -0.044403 0.000000 0.000000
vt -0.044403 1.000000 0.000000
vt -0.000000 0.000000 0.000000
vt -0.000000 1.000000 0.000000
vt -0.197163 0.000000 0.000000
vt -0.147873 0.000000 0.000000
vt -0.197163 1.000000 0.000000
vt -0.147873 1.000000 0.000000
vt -0.098582 0.000000 0.000000
vt -0.098582 1.000000 0.000000
vt -0.049291 0.000000 0.000000
vt -0.049291 1.000000 0.000000
vt -0.000000 0.000000 0.000000
vt -0.000000 1.000000 0.000000
vt -0.236386 0.000000 0.000000
vt -0.177290 0.000000 0.000000
vt -0.236386 1.000000 0.000000
vt -0.177290 1.000000 0.000000
vt -0.118193 0.000000 0.000000
vt -0.118193 1.000000 0.000000
vt -0.059097 0.000000 0.000000
vt -0.059097 1.000000 0.000000
vt -0.000000 0.000000 0.000000
vt -0.000000 1.000000 0.000000
vt -0.536957 0.000000 0.000000
vt -0.402717 0.000000 0.000000
vt -0.536957 1.000000 0.000000
vt -0.402717 1.000000 0.000000
vt -0.335598 0.000000 0.000000
vt -0.335598 1.000000 0.000000
vt -0.268478 0.000000 0.000000
vt -0.268478 1.000000 0.000000
vt -0.201359 0.000000 0.000000
vt -0.201359 1.000000 0.000000
vt -0.134239 0.000000 0.000000
vt -0.134239 1.000000 0.000000
vt -0.000000 0.000000 0.000000
vt -0.000000 1.000000 0.000000
vt -0.212824 0.000000 0.000000
vt -0.000000 0.000000 0.000000
vt -0.212824 1.000000 0.000000
vt -0.000000 1.000000 0.000000
vt -0.356071 0.000000 0.000000
vt -0.000000 0.000000 0.000000
vt -0.356071 1.000000 0.000000
vt -0.000000 1.000000 0.000000
vt -1.448840 0.000000 0.000000
vt -0.000000 0.000000 0.000000
vt -1.448840 1.000000 0.000000
vt -0.000000 1.000000 0.000000
vt -0.383356 0.000000 0.000000
vt -0.000000 0.000000 0.000000
vt -0.383356 1.000000 0.000000
vt -0.000000 1.000000 0.000000
vt -0.656207 0.000000 0.000000
vt -0.000000 0.000000 0.000000
vt -0.656207 1.000000 0.000000
vt -0.000000 1.000000 0.000000
vt -0.334243 0.000000 0.000000
vt -0.250682 0.000000 0.000000
vt -0.334243 1.000000 0.000000
vt -0.250682 1.000000 0.000000
vt -0.167121 0.000000 0.000000
vt -0.167121 1.000000 0.000000
vt -0.083561 0.000000 0.000000
vt -0.083561 1.000000 0.000000
vt -0.000000 0.000000 0.000000
vt -0.000000 1.000000 0.000000
vt -0.180764 0.000000 0.000000
vt -0.135573 0.000000 0.000000
vt -0.180764 1.000000 0.000000
vt -0.135573 1.000000 0.000000
vt -0.090382 0.000000 0.000000
vt -0.090382 1.000000 0.000000
vt -0.045191 0.000000 0.000000
vt -0.045191 1.000000 0.000000
vt -0.000000 0.000000 0.000000
vt -0.000000 1.000000 0.000000
vt -0.186864 0.000000 0.000000
vt -0.140148 0.000000 0.000000
vt -0.186864 1.000000 0.000000
vt -0.140148 1.000000 0.000000
vt -0.093432 0.000000 0.000000
vt -0.093432 1.000000 0.000000
vt -0.046716 0.000000 0.000000
vt -0.046716 1.000000 0.000000
vt -0.000000 0.000000 0.000000
vt -0.000000 1.000000 0.000000
vt -0.138399 0.000000 0.000000
vt -0.103799 0.000000 0.000000
vt -0.138399 1.000000 0.000000
vt -0.103799 1.000000 0.000000
vt -0.069199 0.000000 0.000000
vt -0.069199 1.000000 0.000000
vt -0.034600 0.000000 0.000000
vt -0.034600 1.000000 0.000000
vt -0.000000 0.000000 0.000000
vt -0.000000 1.000000 0.000000
vt -0.133564 0.000000 0.000000
vt -0.100173 0.000000 0.000000
vt -0.133564 1.000000 0.000000
vt -0.100173 1.000000 0.000000
vt -0.066782 0.000000 0.000000
vt -0.066782 1.000000 0.000000
vt -0.033391 0.000000 0.000000
vt -0.033391 1.000000 0.000000
vt -0.000000 0.000000 0.000000
vt -0.000000 1.000000 0.000000
vt -0.304627 0.000000 0.000000
vt -0.228471 0.000000 0.000000
vt -0.304627 1.000000 0.000000
vt -0.228471 1.000000 0.000000
vt -0.152314 0.000000 0.000000
vt -0.152314 1.000000 0.000000
vt -0.076157 0.000000 0.000000
vt -0.076157 1.000000 0.000000
vt -0.000000 0.000000 0.000000
vt -0.000000 1.000000 0.000000
vt -0.739427 0.000000 0.000000
vt -0.000000 0.000000 0.000000
vt -0.739427 1.000000 0.000000
vt -0.000000 1.000000 0.000000
vt -0.383356 0.000000 0.000000
vt -0.000000 0.000000 0.000000
vt -0.383356 1.000000 0.000000
vt -0.000000 1.000000 0.000000
vt -0.900409 0.000000 0.000000
vt -0.000000 0.000000 0.000000
vt -0.900409 1.000000 0.000000
vt -0.000000 1.000000 0.000000
vt 0.663711 -1.000000 0.000000
vt 1.047067 -1.000000 0.000000
vt 0.663711 -0.260573 0.000000
vt 1.047067 -0.099591 0.000000
vt 0.663999 -0.184051 0.000000
vt 0.661286 -0.107825 0.000000
vt 1.046379 -0.034716 0.000000
vt 0.652709 -0.032179 0.000000
vt 1.043408 0.029954 0.000000
vt 1.036186 0.094241 0.000000
vt 0.639154 0.042974 0.000000
vt 1.025921 0.158254 0.000000
vt 1.013024 0.201239 0.000000
vt 0.996953 0.242741 0.000000
vt 0.975538 0.281745 0.000000
vt 0.625071 0.074156 0.000000
vt 0.950886 0.319236 0.000000
vt 0.916473 0.355520 0.000000
vt 0.879009 0.387720 0.000000
vt 0.607839 0.102972 0.000000
vt 0.836818 0.413591 0.000000
vt 0.791951 0.435880 0.000000
vt 0.585241 0.127758 0.000000
vt 0.735636 0.455639 0.000000
vt 0.559345 0.150068 0.000000
vt 0.678394 0.470763 0.000000
vt 0.619650 0.478371 0.000000
vt 0.528196 0.166783 0.000000
vt 0.560027 0.481583 0.000000
vt 0.495865 0.179473 0.000000
vt 0.420042 0.460806 0.000000
vt 0.461644 0.185731 0.000000
vt 0.426330 0.188267 0.000000
vt 0.353621 0.443382 0.000000
vt 0.378724 0.184158 0.000000
vt 0.291485 0.417514 0.000000
vt 0.332704 0.174885 0.000000
vt 0.234463 0.381568 0.000000
vt 0.289350 0.156923 0.000000
vt 0.181543 0.337540 0.000000
vt 0.247613 0.133697 0.000000
vt 0.082538 0.236016 0.000000
vt 0.212099 0.103835 0.000000
vt 0.181153 0.070551 0.000000
vt 0.157851 0.031543 0.000000
vt 0.139154 -0.010914 0.000000
vt 0.123729 -0.093298 0.000000
vt -0.273533 0.448840 0.000000
vt 0.113558 -0.176225 0.000000
vt 0.109980 -0.259832 0.000000
vt -0.273533 -1.000000 0.000000
vt 0.109823 -0.343793 0.000000
vt 0.109823 -1.000000 0.000000
vt 0.082538 0.448840 0.000000
vt -1.448840 0.000000 0.000000
vt -0.000000 0.000000 0.000000
vt -1.448840 1.000000 0.000000
vt -0.000000 1.000000 0.000000
vt -0.383356 0.000000 0.000000
vt -0.000000 0.000000 0.000000
vt -0.383356 1.000000 0.000000
vt -0.000000 1.000000 0.000000
vt -1.448840 0.000000 0.000000
vt -0.000000 0.000000 0.000000
vt -1.448840 1.000000 0.000000
vt -0.000000 1.000000 0.000000
vt -0.383356 0.000000 0.000000
vt -0.000000 0.000000 0.000000
vt -0.383356 1.000000 0.000000
vt -0.000000 1.000000 0.000000
vt 1.000000 -0.663711 0.000000
vt -0.448840 -0.663711 0.000000
vt 1.000000 -1.047067 0.000000
vt -0.448840 -1.047067 0.000000
vt -0.354707 0.000000 0.000000
vt -0.000000 0.000000 0.000000
vt -0.354707 1.000000 0.000000
vt -0.000000 1.000000 0.000000
vt -0.383356 0.000000 0.000000
vt -0.000000 0.000000 0.000000
vt -0.383356 1.000000 0.000000
vt -0.000000 1.000000 0.000000
vt -0.354707 0.000000 0.000000
vt -0.000000 0.000000 0.000000
vt -0.354707 1.000000 0.000000
vt -0.000000 1.000000 0.000000
vt -0.383356 0.000000 0.000000
vt -0.000000 0.000000 0.000000
vt -0.383356 1.000000 0.000000
vt -0.000000 1.000000 0.000000
vt -0.645293 -0.663711 0.000000
vt -1.000000 -0.663711 0.000000
vt -0.645293 -1.047067 0.000000
vt -1.000000 -1.047067 0.000000
vt -0.511596 0.000000 0.000000
vt -0.000000 0.000000 0.000000
vt -0.511596 1.000000 0.000000
vt -0.000000 1.000000 0.000000
vt -0.445049 0.000000 0.000000
vt -0.000000 0.000000 0.000000
vt -0.445049 1.000000 0.000000
vt -0.000000 1.000000 0.000000
vt -0.287858 0.000000 0.000000
vt -0.000000 0.000000 0.000000
vt -0.287858 1.000000 0.000000
vt -0.000000 1.000000 0.000000
vt -0.175989 0.000000 0.000000
vt -0.000000 0.000000 0.000000
vt -0.175989 1.000000 0.000000
vt -0.000000 1.000000 0.000000
vt -0.305593 0.000000 0.000000
vt -0.000000 0.000000 0.000000
vt -0.305593 1.000000 0.000000
vt -0.000000 1.000000 0.000000
vt -0.175989 0.000000 0.000000
vt -0.000000 0.000000 0.000000
vt -0.175989 1.000000 0.000000
vt -0.000000 1.000000 0.000000
vt -0.631651 0.000000 0.000000
vt -0.000000 0.000000 0.000000
vt -0.631651 1.000000 0.000000
vt -0.000000 1.000000 0.000000
vt -0.270423 0.000000 0.000000
vt -0.202817 0.000000 0.000000
vt -0.270423 1.000000 0.000000
vt -0.202817 1.000000 0.000000
vt -0.135212 0.000000 0.000000
vt -0.135212 1.000000 0.000000
vt -0.067606 0.000000 0.000000
vt -0.067606 1.000000 0.000000
vt -0.000000 0.000000 0.000000
vt -0.000000 1.000000 0.000000
vt -0.158829 0.000000 0.000000
vt -0.119122 0.000000 0.000000
vt -0.158829 1.000000 0.000000
vt -0.119122 1.000000 0.000000
vt -0.079415 0.000000 0.000000
vt -0.079415 1.000000 0.000000
vt -0.039707 0.000000 0.000000
vt -0.039707 1.000000 0.000000
vt -0.000000 0.000000 0.000000
vt -0.000000 1.000000 0.000000
vt -0.151732 0.000000 0.000000
vt -0.113799 0.000000 0.000000
vt -0.151732 1.000000 0.000000
vt -0.113799 1.000000 0.000000
vt -0.075866 0.000000 0.000000
vt -0.075866 1.000000 0.000000
vt -0.037933 0.000000 0.000000
vt -0.037933 1.000000 0.000000
vt -0.000000 0.000000 0.000000
vt -0.000000 1.000000 0.000000
vt -0.190116 0.000000 0.000000
vt -0.142587 0.000000 0.000000
vt -0.190116 1.000000 0.000000
vt -0.142587 1.000000 0.000000
vt -0.095058 0.000000 0.000000
vt -0.095058 1.000000 0.000000
vt -0.047529 0.000000 0.000000
vt -0.047529 1.000000 0.000000
vt -0.000000 0.000000 0.000000
vt -0.000000 1.000000 0.000000
vt -0.308245 0.000000 0.000000
vt -0.231183 0.000000 0.000000
vt -0.308245 1.000000 0.000000
vt -0.231183 1.000000 0.000000
vt -0.154122 0.000000 0.000000
vt -0.154122 1.000000 0.000000
vt -0.077061 0.000000 0.000000
vt -0.077061 1.000000 0.000000
vt -0.000000 0.000000 0.000000
vt -0.000000 1.000000 0.000000
vt -0.299205 0.000000 0.000000
vt -0.000000 0.000000 0.000000
vt -0.299205 1.000000 0.000000
vt -0.000000 1.000000 0.000000
vt -0.158535 0.000000 0.000000
vt -0.118901 0.000000 0.000000
vt -0.158535 1.000000 0.000000
vt -0.118901 1.000000 0.000000
vt -0.079267 0.000000 0.000000
vt -0.079267 1.000000 0.000000
vt -0.039634 0.000000 0.000000
vt -0.039634 1.000000 0.000000
vt -0.000000 0.000000 0.000000
vt -0.000000 1.000000 0.000000
vt -0.067563 0.000000 0.000000
vt -0.050672 0.000000 0.000000
vt -0.067563 1.000000 0.000000
vt -0.050672 1.000000 0.000000
vt -0.033781 0.000000 0.000000
vt -0.033781 1.000000 0.000000
vt -0.016891 0.000000 0.000000
vt -0.016891 1.000000 0.000000
vt -0.000000 0.000000 0.000000
vt -0.000000 1.000000 0.000000
vt -0.059237 0.000000 0.000000
vt -0.044428 0.000000 0.000000
vt -0.059237 1.000000 0.000000
vt -0.044428 1.000000 0.000000
vt -0.029618 0.500000 0.000000
vt -0.029618 1.000000 0.000000
vt -0.014809 0.500000 0.000000
vt -0.014809 1.000000 0.000000
vt -0.000000 1.000000 0.000000
vt -0.000000 0.000000 0.000000
vt -0.014809 0.000000 0.000000
vt -0.029618 0.000000 0.000000
vt -0.206847 0.000000 0.000000
vt -0.155136 0.000000 0.000000
vt -0.206847 1.000000 0.000000
vt -0.155136 1.000000 0.000000
vt -0.103424 0.000000 0.000000
vt -0.103424 1.000000 0.000000
vt -0.051712 0.000000 0.000000
vt -0.051712 1.000000 0.000000
vt -0.000000 0.000000 0.000000
vt -0.000000 1.000000 0.000000
vt -0.583902 0.000000 0.000000
vt -0.000000 0.000000 0.000000
vt -0.583902 1.000000 0.000000
vt -0.000000 1.000000 0.000000
vt -0.261937 0.000000 0.000000
vt -0.000000 0.000000 0.000000
vt -0.261937 1.000000 0.000000
vt -0.000000 1.000000 0.000000
vt -0.305593 0.000000 0.000000
vt -0.000000 0.000000 0.000000
vt -0.305593 1.000000 0.000000
vt -0.000000 1.000000 0.000000
vt -0.261937 0.000000 0.000000
vt -0.000000 0.000000 0.000000
vt -0.261937 1.000000 0.000000
vt -0.000000 1.000000 0.000000
vt 2.067531 0.484993 0.000000
vt 1.805593 0.484993 0.000000
vt 2.067531 0.179400 0.000000
vt 1.805593 0.179400 0.000000
vt 1.420873 0.484993 0.000000
vt 1.420873 0.179400 0.000000
vt 1.244884 0.484993 0.000000
vt 1.244884 0.179400 0.000000
vt 1.805593 0.996589 0.000000
vt 1.420873 0.772851 0.000000
vt 1.805593 -0.404502 0.000000
vt 1.420873 -0.452251 0.000000
vt 1.805206 -0.456284 0.000000
vt 1.420808 -0.519953 0.000000
vt 1.805836 -0.508017 0.000000
vt 1.574256 -0.945071 0.000000
vt 1.609140 -0.961801 0.000000
vt 1.541629 -0.925347 0.000000
vt 1.422218 -0.587574 0.000000
vt 1.426496 -0.655039 0.000000
vt 1.433151 -0.722374 0.000000
vt 1.467644 -0.836617 0.000000
vt 1.487040 -0.871760 0.000000
vt 1.513021 -0.900295 0.000000
vt 1.440979 -0.761821 0.000000
vt 1.451706 -0.800188 0.000000
vt 1.808489 -0.559650 0.000000
vt 1.654636 -0.976976 0.000000
vt 1.813097 -0.611187 0.000000
vt 1.700821 -0.988521 0.000000
vt 1.748112 -0.994245 0.000000
vt 1.796043 -0.996589 0.000000
vt 1.825741 -0.638482 0.000000
vt 1.818574 -0.625425 0.000000
vt 1.873792 -0.992780 0.000000
vt 1.847203 -0.659618 0.000000
vt 1.835663 -0.649615 0.000000
vt 1.950462 -0.983390 0.000000
vt 1.912005 -0.678718 0.000000
vt 1.894742 -0.677462 0.000000
vt 1.878042 -0.674342 0.000000
vt 2.025268 -0.964356 0.000000
vt 1.990463 -0.666439 0.000000
vt 1.951547 -0.673971 0.000000
vt 2.028538 -0.655155 0.000000
vt 2.098908 -0.939291 0.000000
vt 2.066167 -0.641883 0.000000
vt 1.862317 -0.667992 0.000000
vt -1.448840 0.000000 0.000000
vt -0.000000 0.000000 0.000000
vt -1.448840 1.000000 0.000000
vt -0.000000 1.000000 0.000000
vt -0.383356 0.000000 0.000000
vt -0.000000 0.000000 0.000000
vt -0.383356 1.000000 0.000000
vt -0.000000 1.000000 0.000000
vt -0.611187 0.000000 0.000000
vt -0.000000 0.000000 0.000000
vt -0.611187 1.000000 0.000000
vt -0.000000 1.000000 0.000000
vt -0.392026 0.000000 0.000000
vt -0.294019 0.000000 0.000000
vt -0.392026 1.000000 0.000000
vt -0.294019 1.000000 0.000000
vt -0.196013 0.000000 0.000000
vt -0.196013 1.000000 0.000000
vt -0.098006 0.000000 0.000000
vt -0.098006 1.000000 0.000000
vt -0.000000 0.000000 0.000000
vt -0.000000 1.000000 0.000000
vt -0.170881 0.000000 0.000000
vt -0.128160 0.000000 0.000000
vt -0.170881 1.000000 0.000000
vt -0.128160 1.000000 0.000000
vt -0.085440 0.000000 0.000000
vt -0.085440 1.000000 0.000000
vt -0.042720 0.000000 0.000000
vt -0.042720 1.000000 0.000000
vt -0.000000 0.000000 0.000000
vt -0.000000 1.000000 0.000000
vt -0.184055 0.000000 0.000000
vt -0.138041 0.000000 0.000000
vt -0.184055 1.000000 0.000000
vt -0.138041 1.000000 0.000000
vt -0.092027 0.000000 0.000000
vt -0.092027 1.000000 0.000000
vt -0.046014 0.000000 0.000000
vt -0.046014 1.000000 0.000000
vt -0.000000 0.000000 0.000000
vt -0.000000 1.000000 0.000000
vt -0.147498 0.000000 0.000000
vt -0.110624 0.000000 0.000000
vt -0.147498 1.000000 0.000000
vt -0.110624 1.000000 0.000000
vt -0.073749 0.000000 0.000000
vt -0.073749 1.000000 0.000000
vt -0.036875 0.000000 0.000000
vt -0.036875 1.000000 0.000000
vt -0.000000 0.000000 0.000000
vt -0.000000 1.000000 0.000000
vt -0.133616 0.000000 0.000000
vt -0.100212 0.000000 0.000000
vt -0.133616 1.000000 0.000000
vt -0.100212 1.000000 0.000000
vt -0.066808 0.000000 0.000000
vt -0.066808 1.000000 0.000000
vt -0.033404 0.000000 0.000000
vt -0.033404 1.000000 0.000000
vt -0.000000 0.000000 0.000000
vt -0.000000 1.000000 0.000000
vt -0.375165 0.000000 0.000000
vt -0.281374 0.000000 0.000000
vt -0.375165 1.000000 0.000000
vt -0.281374 1.000000 0.000000
vt -0.187583 0.000000 0.000000
vt -0.187583 1.000000 0.000000
vt -0.093791 0.000000 0.000000
vt -0.093791 1.000000 0.000000
vt -0.000000 0.000000 0.000000
vt -0.000000 1.000000 0.000000
vt -0.665757 0.000000 0.000000
vt -0.000000 0.000000 0.000000
vt -0.665757 1.000000 0.000000
vt -0.000000 1.000000 0.000000
vt -0.383356 0.000000 0.000000
vt -0.000000 0.000000 0.000000
vt -0.383356 1.000000 0.000000
vt -0.000000 1.000000 0.000000
vt -0.916780 0.000000 0.000000
vt -0.000000 0.000000 0.000000
vt -0.916780 1.000000 0.000000
vt -0.000000 1.000000 0.000000
vt -0.324824 0.000000 0.000000
vt -0.243618 0.000000 0.000000
vt -0.324824 1.000000 0.000000
vt -0.243618 1.000000 0.000000
vt -0.162412 0.000000 0.000000
vt -0.162412 1.000000 0.000000
vt -0.081206 0.000000 0.000000
vt -0.081206 1.000000 0.000000
vt -0.000000 0.000000 0.000000
vt -0.000000 1.000000 0.000000
vt -0.246146 0.000000 0.000000
vt -0.184610 0.000000 0.000000
vt -0.246146 1.000000 0.000000
vt -0.184610 1.000000 0.000000
vt -0.123073 0.000000 0.000000
vt -0.123073 1.000000 0.000000
vt -0.061537 0.000000 0.000000
vt -0.061537 1.000000 0.000000
vt -0.000000 0.000000 0.000000
vt -0.000000 1.000000 0.000000
vt -0.269675 0.000000 0.000000
vt -0.202256 0.000000 0.000000
vt -0.269675 1.000000 0.000000
vt -0.202256 1.000000 0.000000
vt -0.134838 0.000000 0.000000
vt -0.134838 1.000000 0.000000
vt -0.067419 0.000000 0.000000
vt -0.067419 1.000000 0.000000
vt -0.000000 0.000000 0.000000
vt -0.000000 1.000000 0.000000
vt -0.280258 0.000000 0.000000
vt -0.210194 0.000000 0.000000
vt -0.280258 1.000000 0.000000
vt -0.210194 1.000000 0.000000
vt -0.140129 0.000000 0.000000
vt -0.140129 1.000000 0.000000
vt -0.070065 0.000000 0.000000
vt -0.070065 1.000000 0.000000
vt -0.000000 0.000000 0.000000
vt -0.000000 1.000000 0.000000
vt -0.276955 0.000000 0.000000
vt -0.207716 0.000000 0.000000
vt -0.276955 1.000000 0.000000
vt -0.207716 1.000000 0.000000
vt -0.138478 0.000000 0.000000
vt -0.138478 1.000000 0.000000
vt -0.069239 0.000000 0.000000
vt -0.069239 1.000000 0.000000
vt -0.000000 0.000000 0.000000
vt -0.000000 1.000000 0.000000
vt -0.216917 0.000000 0.000000
vt -0.000000 0.000000 0.000000
vt -0.216917 1.000000 0.000000
vt -0.000000 1.000000 0.000000
vt -0.356071 0.000000 0.000000
vt -0.000000 0.000000 0.000000
vt -0.356071 1.000000 0.000000
vt -0.000000 1.000000 0.000000
vt 0.650068 -0.963847 0.000000
vt 1.006139 -0.963847 0.000000
vt 0.650068 -0.746930 0.000000
vt 0.610380 -0.420172 0.000000
vt 0.594134 -0.517053 0.000000
vt 1.006139 0.484993 0.000000
vt 0.623399 -0.224623 0.000000
vt 0.620421 -0.322722 0.000000
vt 0.622783 0.484993 0.000000
vt 0.622783 -0.126194 0.000000
vt 0.574962 -0.556335 0.000000
vt 0.551647 -0.592351 0.000000
vt 0.521637 -0.623090 0.000000
vt 0.606000 -0.801654 0.000000
vt 0.487721 -0.650750 0.000000
vt 0.557571 -0.851425 0.000000
vt 0.446642 -0.673697 0.000000
vt 0.501938 -0.893015 0.000000
vt 0.403959 -0.691438 0.000000
vt 0.442019 -0.929741 0.000000
vt 0.358632 -0.700590 0.000000
vt 0.376771 -0.957849 0.000000
vt 0.311733 -0.704638 0.000000
vt 0.310003 -0.979758 0.000000
vt 0.274018 -0.702212 0.000000
vt 0.240692 -0.991296 0.000000
vt 0.237479 -0.695788 0.000000
vt 0.169850 -0.996589 0.000000
vt 0.203004 -0.682340 0.000000
vt 0.101509 -0.992066 0.000000
vt 0.169850 -0.664393 0.000000
vt 0.034699 -0.981378 0.000000
vt 0.144258 -0.641592 0.000000
vt -0.029499 -0.960166 0.000000
vt 0.122145 -0.616324 0.000000
vt -0.092087 -0.932469 0.000000
vt -0.144368 -0.897038 0.000000
vt 0.105759 -0.586992 0.000000
vt -0.191061 -0.856419 0.000000
vt -0.228335 -0.807057 0.000000
vt 0.092770 -0.555252 0.000000
vt -0.259891 -0.752388 0.000000
vt -0.284431 -0.674257 0.000000
vt -0.302035 -0.594916 0.000000
vt 0.080462 -0.462139 0.000000
vt -0.309616 -0.513828 0.000000
vt -0.311733 -0.431787 0.000000
vt 0.073027 -0.368673 0.000000
vt 0.070965 -0.274817 0.000000
vt 0.071624 -0.180764 0.000000
vt -0.311733 0.484993 0.000000
vt 0.071624 0.484993 0.000000
vt -0.277187 0.000000 0.000000
vt -0.207890 0.000000 0.000000
vt -0.277187 1.000000 0.000000
vt -0.207890 1.000000 0.000000
vt -0.138594 0.000000 0.000000
vt -0.138594 1.000000 0.000000
vt -0.069297 0.000000 0.000000
vt -0.069297 1.000000 0.000000
vt -0.000000 0.000000 0.000000
vt -0.000000 1.000000 0.000000
vt -0.276565 0.000000 0.000000
vt -0.207424 0.000000 0.000000
vt -0.276565 1.000000 0.000000
vt -0.207424 1.000000 0.000000
vt -0.138283 0.000000 0.000000
vt -0.138283 1.000000 0.000000
vt -0.069141 0.000000 0.000000
vt -0.069141 1.000000 0.000000
vt -0.000000 0.000000 0.000000
vt -0.000000 1.000000 0.000000
vt -0.342952 0.000000 0.000000
vt -0.257214 0.000000 0.000000
vt -0.342952 1.000000 0.000000
vt -0.257214 1.000000 0.000000
vt -0.171476 0.000000 0.000000
vt -0.171476 1.000000 0.000000
vt -0.085738 0.000000 0.000000
vt -0.085738 1.000000 0.000000
vt -0.000000 0.000000 0.000000
vt -0.000000 1.000000 0.000000
vt -0.348189 0.000000 0.000000
vt -0.261142 0.000000 0.000000
vt -0.348189 1.000000 0.000000
vt -0.261142 1.000000 0.000000
vt -0.174094 0.000000 0.000000
vt -0.174094 1.000000 0.000000
vt -0.087047 0.000000 0.000000
vt -0.087047 1.000000 0.000000
vt -0.000000 0.000000 0.000000
vt -0.000000 1.000000 0.000000
vt -0.276566 0.000000 0.000000
vt -0.207424 0.000000 0.000000
vt -0.276566 1.000000 0.000000
vt -0.207424 1.000000 0.000000
vt -0.138283 0.000000 0.000000
vt -0.138283 1.000000 0.000000
vt -0.069141 0.000000 0.000000
vt -0.069141 1.000000 0.000000
vt -0.000000 0.000000 0.000000
vt -0.000000 1.000000 0.000000
vt -0.277187 0.000000 0.000000
vt -0.207890 0.000000 0.000000
vt -0.277187 1.000000 0.000000
vt -0.207890 1.000000 0.000000
vt -0.138593 0.000000 0.000000
vt -0.138593 1.000000 0.000000
vt -0.069297 0.000000 0.000000
vt -0.069297 1.000000 0.000000
vt -0.000000 0.000000 0.000000
vt -0.000000 1.000000 0.000000
vt -0.345769 0.000000 0.000000
vt -0.259326 0.000000 0.000000
vt -0.345769 1.000000 0.000000
vt -0.259326 1.000000 0.000000
vt -0.172884 0.000000 0.000000
vt -0.172884 1.000000 0.000000
vt -0.086442 0.000000 0.000000
vt -0.086442 1.000000 0.000000
vt -0.000000 0.000000 0.000000
vt -0.000000 1.000000 0.000000
vt -0.345772 0.000000 0.000000
vt -0.259329 0.000000 0.000000
vt -0.345772 1.000000 0.000000
vt -0.259329 1.000000 0.000000
vt -0.172886 0.000000 0.000000
vt -0.172886 1.000000 0.000000
vt -0.086443 0.000000 0.000000
vt -0.086443 1.000000 0.000000
vt -0.000000 0.000000 0.000000
vt -0.000000 1.000000 0.000000
vt -0.381125 0.000000 0.000000
vt -0.285844 0.000000 0.000000
vt -0.381125 1.000000 0.000000
vt -0.285844 1.000000 0.000000
vt -0.190563 0.000000 0.000000
vt -0.190563 1.000000 0.000000
vt -0.095281 0.000000 0.000000
vt -0.095281 1.000000 0.000000
vt -0.000000 0.000000 0.000000
vt -0.000000 1.000000 0.000000
vt -0.390469 0.000000 0.000000
vt -0.292852 0.000000 0.000000
vt -0.390469 1.000000 0.000000
vt -0.292852 1.000000 0.000000
vt -0.195234 0.000000 0.000000
vt -0.195234 1.000000 0.000000
vt -0.097617 0.000000 0.000000
vt -0.097617 1.000000 0.000000
vt -0.000000 0.000000 0.000000
vt -0.000000 1.000000 0.000000
vt -0.576229 0.000000 0.000000
vt -0.432172 0.000000 0.000000
vt -0.576229 1.000000 0.000000
vt -0.432172 1.000000 0.000000
vt -0.288115 0.000000 0.000000
vt -0.288115 1.000000 0.000000
vt -0.144057 0.000000 0.000000
vt -0.144057 1.000000 0.000000
vt -0.000000 0.000000 0.000000
vt -0.000000 1.000000 0.000000
vt -0.584870 0.000000 0.000000
vt -0.438652 0.000000 0.000000
vt -0.584870 1.000000 0.000000
vt -0.438652 1.000000 0.000000
vt -0.292435 0.000000 0.000000
vt -0.292435 1.000000 0.000000
vt -0.146217 0.000000 0.000000
vt -0.146217 1.000000 0.000000
vt -0.000000 0.000000 0.000000
vt -0.000000 1.000000 0.000000
vt -0.579044 0.000000 0.000000
vt -0.434283 0.000000 0.000000
vt -0.579044 1.000000 0.000000
vt -0.434283 1.000000 0.000000
vt -0.289522 0.000000 0.000000
vt -0.289522 1.000000 0.000000
vt -0.144761 0.000000 0.000000
vt -0.144761 1.000000 0.000000
vt -0.000000 0.000000 0.000000
vt -0.000000 1.000000 0.000000
vt -0.579660 0.000000 0.000000
vt -0.434745 0.000000 0.000000
vt -0.579660 1.000000 0.000000
vt -0.434745 1.000000 0.000000
vt -0.289830 0.000000 0.000000
vt -0.289830 1.000000 0.000000
vt -0.144915 0.000000 0.000000
vt -0.144915 1.000000 0.000000
vt -0.000000 0.000000 0.000000
vt -0.000000 1.000000 0.000000
vt -0.396736 0.000000 0.000000
vt -0.297552 0.000000 0.000000
vt -0.396736 1.000000 0.000000
vt -0.297552 1.000000 0.000000
vt -0.198368 0.000000 0.000000
vt -0.198368 1.000000 0.000000
vt -0.099184 0.000000 0.000000
vt -0.099184 1.000000 0.000000
vt -0.000000 0.000000 0.000000
vt -0.000000 1.000000 0.000000
vt -0.381554 0.000000 0.000000
vt -0.286166 0.000000 0.000000
vt -0.381554 1.000000 0.000000
vt -0.286166 1.000000 0.000000
vt -0.190777 0.000000 0.000000
vt -0.190777 1.000000 0.000000
vt -0.095389 0.000000 0.000000
vt -0.095389 1.000000 0.000000
vt -0.000000 0.000000 0.000000
vt -0.000000 1.000000 0.000000
vt -0.381511 0.000000 0.000000
vt -0.286133 0.000000 0.000000
vt -0.381511 1.000000 0.000000
vt -0.286133 1.000000 0.000000
vt -0.190756 0.000000 0.000000
vt -0.190756 1.000000 0.000000
vt -0.095378 0.000000 0.000000
vt -0.095378 1.000000 0.000000
vt -0.000000 0.000000 0.000000
vt -0.000000 1.000000 0.000000
vt -0.433969 0.000000 0.000000
vt -0.325477 0.000000 0.000000
vt -0.433969 1.000000 0.000000
vt -0.325477 1.000000 0.000000
vt -0.216984 0.000000 0.000000
vt -0.216984 1.000000 0.000000
vt -0.108492 0.000000 0.000000
vt -0.108492 1.000000 0.000000
vt -0.000000 0.000000 0.000000
vt -0.000000 1.000000 0.000000
vt -2.091147 -0.122549 0.000000
vt -2.098908 -0.218963 0.000000
vt -1.706003 -0.239427 0.000000
vt -2.093278 -0.328985 0.000000
vt -1.700897 -0.328699 0.000000
vt -2.078283 -0.436851 0.000000
vt -1.685297 -0.414518 0.000000
vt -2.046813 -0.540924 0.000000
vt -2.004775 -0.642565 0.000000
vt -1.650795 -0.494121 0.000000
vt -1.950434 -0.723512 0.000000
vt -1.603683 -0.569577 0.000000
vt -1.888215 -0.796271 0.000000
vt -1.812941 -0.855458 0.000000
vt -1.549359 -0.617624 0.000000
vt -1.729877 -0.906549 0.000000
vt -1.638521 -0.944409 0.000000
vt -1.490273 -0.655142 0.000000
vt -1.545191 -0.973918 0.000000
vt -1.423198 -0.674994 0.000000
vt -1.448556 -0.989459 0.000000
vt -1.351296 -0.684175 0.000000
vt -1.349932 -0.996589 0.000000
vt -1.279524 -0.675022 0.000000
vt -1.200750 -0.980802 0.000000
vt -1.212597 -0.655190 0.000000
vt -1.060003 -0.944395 0.000000
vt -1.153700 -0.617661 0.000000
vt -0.933550 -0.873045 0.000000
vt -1.099591 -0.569577 0.000000
vt -0.815825 -0.780355 0.000000
vt -1.052609 -0.493367 0.000000
vt -0.724399 -0.659250 0.000000
vt -1.018301 -0.413039 0.000000
vt -0.654272 -0.529740 0.000000
vt -0.618805 -0.386551 0.000000
vt -0.603683 -0.235334 0.000000
vt -0.997953 -0.236698 0.000000
vt -1.002895 -0.326569 0.000000
vt -1.003111 -0.148185 0.000000
vt -0.618608 -0.085592 0.000000
vt -1.018667 -0.063090 0.000000
vt -0.653697 0.056185 0.000000
vt -0.723165 0.184383 0.000000
vt -1.052915 0.015860 0.000000
vt -0.813779 0.304229 0.000000
vt -1.099591 0.090723 0.000000
vt -0.932832 0.396525 0.000000
vt -1.153700 0.138808 0.000000
vt -1.060599 0.467176 0.000000
vt -1.212597 0.176336 0.000000
vt -1.202495 0.502726 0.000000
vt -1.279524 0.196169 0.000000
vt -1.352660 0.517735 0.000000
vt -1.351296 0.205321 0.000000
vt -1.453152 0.510965 0.000000
vt -1.423198 0.196140 0.000000
vt -1.551418 0.495186 0.000000
vt -1.490273 0.176288 0.000000
vt -1.645901 0.464089 0.000000
vt -1.549359 0.138770 0.000000
vt -1.738063 0.423602 0.000000
vt -1.818916 0.369276 0.000000
vt -1.603683 0.090723 0.000000
vt -1.891996 0.307335 0.000000
vt -1.952216 0.232795 0.000000
vt -1.650795 0.015267 0.000000
vt -2.004775 0.150750 0.000000
vt -1.685297 -0.064336 0.000000
vt -2.043955 0.062276 0.000000
vt -2.074689 -0.028333 0.000000
vt -1.700897 -0.150156 0.000000
vt -9.500000 12.500000 0.000000
vt -3.557296 8.046813 0.000000
vt 0.000000 12.500000 0.000000
vt -3.453222 8.078283 0.000000
vt -3.345356 8.093278 0.000000
vt -9.500000 9.500000 0.000000
vt -3.812642 7.888215 0.000000
vt -3.739883 7.950434 0.000000
vt -3.658936 8.004775 0.000000
vt -10.500000 9.500000 0.000000
vt -9.500000 3.000000 0.000000
vt -4.008437 5.898491 0.000000
vt -3.997174 7.200750 0.000000
vt -3.997749 5.965301 0.000000
vt -3.960766 7.060004 0.000000
vt -3.976537 6.029499 0.000000
vt -3.948841 6.092087 0.000000
vt -10.500000 3.000000 0.000000
vt -9.500000 0.000000 0.000000
vt -3.955662 3.901092 0.000000
vt -3.980727 3.974732 0.000000
vt -3.999761 4.049538 0.000000
vt 0.000000 0.000000 0.000000
vt -3.658254 3.933833 0.000000
vt -2.836971 3.932470 0.000000
vt -3.420873 4.194407 0.000000
vt -2.836971 4.194407 0.000000
vt -2.019782 4.194407 0.000000
vt -2.531378 3.932470 0.000000
vt -3.960780 7.638522 0.000000
vt -3.922920 7.729877 0.000000
vt -3.871830 7.812941 0.000000
vt -3.235334 8.098909 0.000000
vt -3.138921 8.091147 0.000000
vt -3.044704 8.074689 0.000000
vt -2.954096 8.043955 0.000000
vt -2.865621 8.004775 0.000000
vt -2.783576 7.952216 0.000000
vt -2.709037 7.891996 0.000000
vt -2.647096 7.818916 0.000000
vt -2.592770 7.738063 0.000000
vt -2.552282 7.645901 0.000000
vt -2.521185 7.551419 0.000000
vt -2.505406 7.453152 0.000000
vt -2.498636 7.352660 0.000000
vt -2.513645 7.202495 0.000000
vt -2.531378 6.311733 0.000000
vt -2.531378 5.928376 0.000000
vt -2.549196 7.060599 0.000000
vt -2.619846 6.932832 0.000000
vt -2.712142 6.813779 0.000000
vt -2.831988 6.723166 0.000000
vt -2.960186 6.653697 0.000000
vt -3.101963 6.618608 0.000000
vt -3.448158 6.311733 0.000000
vt -3.251705 6.603684 0.000000
vt -3.402923 6.618805 0.000000
vt -3.530199 6.309616 0.000000
vt -3.546111 6.654272 0.000000
vt -3.611288 6.302035 0.000000
vt -3.675621 6.724399 0.000000
vt -3.690628 6.284431 0.000000
vt -3.768759 6.259891 0.000000
vt -3.796726 6.815826 0.000000
vt -3.823428 6.228335 0.000000
vt -3.872790 6.191061 0.000000
vt -3.889416 6.933550 0.000000
vt -3.913409 6.144369 0.000000
vt -4.012961 7.349932 0.000000
vt -4.005830 7.448556 0.000000
vt -3.990289 7.545191 0.000000
vt -3.980218 4.993861 0.000000
vt -2.836971 4.755116 0.000000
vt -2.531378 4.993861 0.000000
vt -2.531378 4.755116 0.000000
vt -2.243520 4.579127 0.000000
vt -2.531378 4.579127 0.000000
vt -3.980218 5.349932 0.000000
vt -4.004893 4.299179 0.000000
vt -3.993347 4.345364 0.000000
vt -3.763302 5.349932 0.000000
vt -3.818025 5.394000 0.000000
vt -3.867796 5.442429 0.000000
vt -3.909387 5.498062 0.000000
vt -3.946112 5.557981 0.000000
vt -3.974221 5.623229 0.000000
vt -3.996129 5.689998 0.000000
vt -4.007667 5.759308 0.000000
vt -4.012961 5.830150 0.000000
vt -3.197135 5.928376 0.000000
vt -3.142565 5.377217 0.000000
vt -2.531378 5.377217 0.000000
vt -3.240994 5.376601 0.000000
vt -3.291188 5.929035 0.000000
vt -3.339093 5.379579 0.000000
vt -3.385044 5.926973 0.000000
vt -3.436544 5.389620 0.000000
vt -3.478510 5.919539 0.000000
vt -3.533424 5.405866 0.000000
vt -3.572706 5.425039 0.000000
vt -3.608722 5.448354 0.000000
vt -3.639462 5.478363 0.000000
vt -3.667121 5.512279 0.000000
vt -3.690068 5.553358 0.000000
vt -3.571624 5.907231 0.000000
vt -3.707809 5.596041 0.000000
vt -3.716961 5.641369 0.000000
vt -3.603364 5.894241 0.000000
vt -3.721010 5.688267 0.000000
vt -3.718584 5.725982 0.000000
vt -3.712160 5.762521 0.000000
vt -3.698711 5.796997 0.000000
vt -3.632695 5.877855 0.000000
vt -3.657963 5.855742 0.000000
vt -3.680764 5.830150 0.000000
vt -2.531378 4.194407 0.000000
vt -3.472655 4.194794 0.000000
vt -3.524388 4.194164 0.000000
vt -3.671527 3.971462 0.000000
vt -3.576021 4.191511 0.000000
vt -3.682811 4.009537 0.000000
vt -3.690342 4.048453 0.000000
vt -3.627558 4.186903 0.000000
vt -3.695089 4.087995 0.000000
vt -3.641796 4.181426 0.000000
vt -3.693833 4.105258 0.000000
vt -3.690713 4.121958 0.000000
vt -3.684364 4.137683 0.000000
vt -3.665986 4.164337 0.000000
vt -3.675989 4.152797 0.000000
vt -3.654853 4.174259 0.000000
vt -4.009152 4.126208 0.000000
vt -4.012961 4.203957 0.000000
vt -4.010616 4.251888 0.000000
vt -3.978172 4.390860 0.000000
vt -3.961442 4.425745 0.000000
vt -3.941718 4.458371 0.000000
vt -3.916666 4.486979 0.000000
vt -3.888131 4.512961 0.000000
vt -3.852989 4.532356 0.000000
vt -3.816560 4.548294 0.000000
vt -3.778192 4.559022 0.000000
vt -3.738745 4.566849 0.000000
vt -3.671410 4.573505 0.000000
vt -3.603945 4.577782 0.000000
vt -3.536324 4.579192 0.000000
vt -3.468622 4.579127 0.000000
vt -2.836971 4.579127 0.000000
vt -5.000000 0.000000 0.000000
vt -0.000000 0.000000 0.000000
vt -5.000000 1.000000 0.000000
vt -0.000000 1.000000 0.000000
vt -5.000000 0.000000 0.000000
vt 0.000000 0.000000 0.000000
vt -5.000000 1.000000 0.000000
vt -0.000000 1.000000 0.000000
vt 2.500000 3.250000 0.000000
vt -2.500000 3.250000 0.000000
vt 2.500000 -3.250000 0.000000
vt -2.500000 -3.250000 0.000000
vt 9.500000 5.000000 0.000000
vt 9.500000 4.000000 0.000000
vt 12.500000 5.000000 0.000000
vt 12.500000 0.000000 0.000000
vt 3.000000 4.000000 0.000000
vt -0.000000 0.000000 0.000000
vt -0.000000 5.000000 0.000000
vt 3.000000 5.000000 0.000000
vt -5.000000 9.500000 0.000000
vt 0.000000 9.500000 0.000000
vt -5.000000 12.500000 0.000000
vt 0.000000 12.500000 0.000000
vt -7.500000 0.000000 0.000000
vt -0.000000 0.000000 0.000000
vt -7.500000 1.000000 0.000000
vt -0.000000 1.000000 0.000000
vt -7.500000 0.000000 0.000000
vt -0.000000 0.000000 0.000000
vt -7.500000 1.000000 0.000000
vt -0.000000 1.000000 0.000000
vt -3.750000 -3.250000 0.000000
vt 3.750000 -3.250000 0.000000
vt -3.750000 3.250000 0.000000
vt 3.750000 3.250000 0.000000
vt -7.500000 9.500000 0.000000
vt 0.000000 9.500000 0.000000
vt -7.500000 12.500000 0.000000
vt 0.000000 12.500000 0.000000
vt -6.701239 7.263024 0.000000
vt -6.658254 7.275920 0.000000
vt -9.500000 12.500000 0.000000
vt -6.594240 7.286185 0.000000
vt -6.529953 7.293408 0.000000
vt -6.465284 7.296379 0.000000
vt -6.400409 7.297067 0.000000
vt -5.500000 7.297067 0.000000
vt -5.500000 6.913711 0.000000
vt -0.000000 9.500000 0.000000
vt -0.000000 12.500000 0.000000
vt -6.239427 6.913711 0.000000
vt -6.156207 6.359823 0.000000
vt -5.500000 6.359823 0.000000
vt -0.000000 3.000000 0.000000
vt 1.000000 3.000000 0.000000
vt -6.315949 6.913999 0.000000
vt -6.323775 6.363558 0.000000
vt -6.240167 6.359980 0.000000
vt -6.406701 6.373729 0.000000
vt -6.392175 6.911286 0.000000
vt -6.467821 6.902709 0.000000
vt -6.542974 6.889154 0.000000
vt -6.656922 6.539350 0.000000
vt -6.633697 6.497613 0.000000
vt -6.603834 6.462099 0.000000
vt -6.574155 6.875071 0.000000
vt -6.674884 6.582704 0.000000
vt -6.684158 6.628724 0.000000
vt -6.688267 6.676330 0.000000
vt -6.685731 6.711644 0.000000
vt -6.679473 6.745865 0.000000
vt -6.666783 6.778196 0.000000
vt -6.602971 6.857839 0.000000
vt -6.627758 6.835241 0.000000
vt -6.650068 6.809345 0.000000
vt -6.570551 6.431153 0.000000
vt -6.531543 6.407851 0.000000
vt -6.489086 6.389154 0.000000
vt -5.500000 5.976467 0.000000
vt -5.500000 5.586289 0.000000
vt -5.500000 5.202933 0.000000
vt -6.948840 5.976467 0.000000
vt -6.948840 5.586289 0.000000
vt -7.145293 5.586289 0.000000
vt -6.948840 5.202933 0.000000
vt -7.145293 5.202933 0.000000
vt -9.500000 0.000000 0.000000
vt -7.500000 5.202933 0.000000
vt -7.500000 5.586289 0.000000
vt -6.948840 6.332538 0.000000
vt -6.960806 6.670042 0.000000
vt -6.943381 6.603621 0.000000
vt -6.917514 6.541485 0.000000
vt -6.881568 6.484463 0.000000
vt -6.837540 6.431543 0.000000
vt -6.736016 6.332538 0.000000
vt -6.981582 6.810027 0.000000
vt -6.978371 6.869650 0.000000
vt -6.970763 6.928394 0.000000
vt -6.955639 6.985636 0.000000
vt -6.935880 7.041951 0.000000
vt -6.913591 7.086818 0.000000
vt -6.887719 7.129009 0.000000
vt -6.855519 7.166473 0.000000
vt -6.819236 7.200886 0.000000
vt -6.781745 7.225538 0.000000
vt -6.742740 7.246953 0.000000
vt -0.000000 0.000000 0.000000
vt 1.000000 9.500000 0.000000
vt 0.000000 3.000000 0.000000
vt -7.500000 3.000000 0.000000
vt 0.000000 0.000000 0.000000
vt -7.500000 0.000000 0.000000
vt -2.820203 7.279524 0.000000
vt -2.811051 7.351296 0.000000
vt -3.700546 7.351296 0.000000
vt -2.820231 7.423198 0.000000
vt -3.691365 7.423198 0.000000
vt -2.840083 7.490273 0.000000
vt -3.671513 7.490273 0.000000
vt -3.633995 7.549359 0.000000
vt -2.877601 7.549359 0.000000
vt -3.510492 7.650795 0.000000
vt -3.001104 7.650795 0.000000
vt -3.255798 7.706003 0.000000
vt -3.166527 7.700897 0.000000
vt -3.080707 7.685297 0.000000
vt -2.925648 7.603684 0.000000
vt -3.345070 7.700897 0.000000
vt -3.430890 7.685297 0.000000
vt -3.585948 7.603684 0.000000
vt -3.691394 7.279524 0.000000
vt -2.840035 7.212598 0.000000
vt -2.877564 7.153700 0.000000
vt -3.671561 7.212598 0.000000
vt -3.634033 7.153700 0.000000
vt -3.585948 7.099591 0.000000
vt -3.509739 7.052609 0.000000
vt -3.342940 7.002895 0.000000
vt -3.253070 6.997954 0.000000
vt -3.429411 7.018301 0.000000
vt -3.164556 7.003112 0.000000
vt -3.000511 7.052915 0.000000
vt -2.925648 7.099591 0.000000
vt -3.079461 7.018667 0.000000
vt 0.000000 3.000000 0.000000
vt -5.000000 3.000000 0.000000
vt 0.000000 0.000000 0.000000
vt -5.000000 0.000000 0.000000
vt 25.000000 5.000000 0.000000
vt 17.500000 5.000000 0.000000
vt 25.000000 0.000000 0.000000
vt 0.000000 0.000000 0.000000
vt 5.000000 5.000000 0.000000
vt 0.000000 5.000000 0.000000
vt 17.500000 14.500000 0.000000
vt 5.000000 14.500000 0.000000
vt 5.000000 6.250000 0.000000
vt -7.500000 6.250000 0.000000
vt 5.000000 -6.250000 0.000000
vt -7.500000 -6.250000 0.000000
vt -0.000000 5.000000 0.000000
vt -0.000000 0.000000 0.000000
vt 7.500000 5.000000 0.000000
vt 25.000000 0.000000 0.000000
vt 20.000000 5.000000 0.000000
vt 25.000000 5.000000 0.000000
vt 20.000000 14.500000 0.000000
vt 7.500000 14.500000 0.000000
vt 3.000000 5.000000 0.000000
vt 0.000000 5.000000 0.000000
vt 3.000000 4.000000 0.000000
vt 0.000000 0.000000 0.000000
vt 12.500000 0.000000 0.000000
vt 9.500000 4.000000 0.000000
vt 12.500000 5.000000 0.000000
vt 9.500000 5.000000 0.000000
vt -12.500000 -6.250000 0.000000
vt 12.500000 -6.250000 0.000000
vt -12.500000 6.250000 0.000000
vt 12.500000 6.250000 0.000000
vn 0.000000 -0.099999 -0.000473
vn 0.000000 -0.099975 -0.002235
vn 0.000000 -0.099999 -0.000473
vn 0.000000 -0.099975 -0.002235
vn 0.000000 -0.099716 -0.007536
vn 0.000000 -0.099716 -0.007536
vn 0.000000 -0.098976 -0.014272
vn 0.000000 -0.098976 -0.014272
vn 0.000000 -0.098611 -0.016612
vn 0.000000 -0.098611 -0.016612
vn 0.000000 -0.096144 -0.027502
vn 0.000000 -0.095008 -0.031202
vn 0.000000 -0.096144 -0.027502
vn 0.000000 -0.095008 -0.031202
vn 0.000000 -0.090681 -0.042155
vn 0.000000 -0.090681 -0.042155
vn 0.000000 -0.084975 -0.052719
vn 0.000000 -0.084975 -0.052719
vn 0.000000 -0.082828 -0.056032
vn 0.000000 -0.082828 -0.056032
vn 0.000000 -0.073696 -0.067594
vn 0.000000 -0.070197 -0.071221
vn 0.000000 -0.073696 -0.067594
vn 0.000000 -0.070197 -0.071221
vn 0.000000 -0.058545 -0.081071
vn 0.000000 -0.058545 -0.081071
vn 0.000000 -0.047105 -0.088211
vn 0.000000 -0.047105 -0.088211
vn 0.000000 -0.043177 -0.090198
vn 0.000000 -0.043177 -0.090198
vn 0.000000 -0.034336 -0.093920
vn 0.000000 -0.030621 -0.095196
vn 0.000000 -0.034336 -0.093920
vn 0.000000 -0.030621 -0.095196
vn 0.000000 -0.019076 -0.098164
vn 0.000000 -0.019076 -0.098164
vn 0.000000 -0.007859 -0.099691
vn 0.000000 -0.007859 -0.099691
vn 0.000000 -0.004143 -0.099914
vn 0.000000 -0.004143 -0.099914
vn -0.000000 0.011912 -0.099288
vn -0.000000 0.020335 -0.097911
vn -0.000000 0.011912 -0.099288
vn -0.000000 0.020335 -0.097911
vn -0.000000 0.031187 -0.095012
vn -0.000000 0.031187 -0.095012
vn -0.000000 0.046197 -0.088690
vn -0.000000 0.046197 -0.088690
vn -0.000000 0.059414 -0.080436
vn -0.000000 0.059414 -0.080436
vn -0.000000 0.067667 -0.073628
vn -0.000000 0.067667 -0.073628
vn -0.000000 0.073427 -0.067885
vn -0.000000 0.073427 -0.067885
vn 0.000000 -0.100000 0.000000
vn 0.000000 -0.100000 0.000000
vn 0.000000 -0.100000 0.000000
vn 0.000000 -0.100000 0.000000
vn -0.000000 0.000000 -0.100000
vn -0.000000 0.000000 -0.100000
vn -0.000000 0.000000 -0.100000
vn -0.000000 0.000000 -0.100000
vn -0.000000 0.100000 -0.000000
vn -0.000000 0.100000 -0.000000
vn -0.000000 0.100000 -0.000000
vn -0.000000 0.100000 -0.000000
vn 0.000000 0.000000 0.100000
vn 0.000000 0.000000 0.100000
vn 0.000000 0.000000 0.100000
vn 0.000000 0.000000 0.100000
vn 0.000000 -0.100000 0.000000
vn 0.000000 -0.100000 0.000000
vn 0.000000 -0.100000 0.000000
vn 0.000000 -0.100000 0.000000
vn 0.000000 -0.099999 -0.000492
vn 0.000000 -0.099988 0.001547
vn 0.000000 -0.099999 -0.000492
vn 0.000000 -0.099988 0.001547
vn 0.000000 -0.099704 0.007694
vn 0.000000 -0.099704 0.007694
vn 0.000000 -0.098665 0.016287
vn 0.000000 -0.098665 0.016287
vn 0.000000 -0.098089 0.019456
vn 0.000000 -0.098089 0.019456
vn 0.000000 -0.092308 0.038461
vn 0.000000 -0.089806 0.043987
vn 0.000000 -0.092308 0.038461
vn 0.000000 -0.089806 0.043987
vn 0.000000 -0.079959 0.060054
vn 0.000000 -0.079959 0.060054
vn 0.000000 -0.067389 0.073884
vn 0.000000 -0.067389 0.073884
vn 0.000000 -0.062825 0.077801
vn 0.000000 -0.062825 0.077801
vn 0.000000 -0.050251 0.086457
vn 0.000000 -0.045282 0.089160
vn 0.000000 -0.050251 0.086457
vn 0.000000 -0.045282 0.089160
vn 0.000000 -0.029064 0.095683
vn 0.000000 -0.029064 0.095683
vn 0.000000 -0.012291 0.099242
vn 0.000000 -0.012291 0.099242
vn 0.000000 -0.006770 0.099771
vn 0.000000 -0.006770 0.099771
vn 0.000000 0.005390 0.099855
vn 0.000000 0.010744 0.099421
vn 0.000000 0.005390 0.099855
vn 0.000000 0.010744 0.099421
vn 0.000000 0.027051 0.096272
vn 0.000000 0.027051 0.096272
vn 0.000000 0.043810 0.089892
vn 0.000000 0.043810 0.089892
vn 0.000000 0.048973 0.087188
vn 0.000000 0.048973 0.087188
vn 0.000000 0.063777 0.077023
vn 0.000000 0.068219 0.073117
vn 0.000000 0.063777 0.077023
vn 0.000000 0.068219 0.073117
vn 0.000000 0.080395 0.059469
vn 0.000000 0.080395 0.059469
vn 0.000000 0.089518 0.044571
vn 0.000000 0.089518 0.044571
vn 0.000000 0.091888 0.039454
vn 0.000000 0.091888 0.039454
vn 0.000000 0.098205 0.018864
vn 0.000000 0.098790 0.015511
vn 0.000000 0.098205 0.018864
vn 0.000000 0.098790 0.015511
vn 0.000000 0.099765 0.006846
vn 0.000000 0.099765 0.006846
vn 0.000000 0.099996 0.000932
vn 0.000000 0.099996 0.000932
vn -0.000000 0.099995 -0.001029
vn -0.000000 0.099995 -0.001029
vn -0.000000 0.100000 -0.000000
vn -0.000000 0.100000 -0.000000
vn -0.000000 0.100000 -0.000000
vn -0.000000 0.100000 -0.000000
vn 0.000000 0.000000 0.100000
vn 0.000000 0.000000 0.100000
vn 0.000000 0.000000 0.100000
vn 0.000000 0.000000 0.100000
vn 0.000000 -0.100000 0.000000
vn 0.000000 -0.100000 0.000000
vn 0.000000 -0.100000 0.000000
vn 0.000000 -0.100000 0.000000
vn 0.100000 0.000000 0.000000
vn 0.100000 0.000000 0.000000
vn 0.100000 0.000000 0.000000
vn 0.100000 0.000000 0.000000
vn 0.100000 0.000000 0.000000
vn 0.100000 0.000000 0.000000
vn 0.100000 0.000000 0.000000
vn 0.100000 0.000000 0.000000
vn 0.100000 0.000000 0.000000
vn 0.100000 0.000000 0.000000
vn 0.100000 0.000000 0.000000
vn 0.100000 0.000000 0.000000
vn 0.100000 0.000000 0.000000
vn 0.100000 0.000000 0.000000
vn 0.100000 0.000000 0.000000
vn 0.100000 0.000000 0.000000
vn 0.100000 0.000000 0.000000
vn 0.100000 0.000000 0.000000
vn 0.100000 0.000000 0.000000
vn 0.100000 0.000000 0.000000
vn 0.100000 0.000000 0.000000
vn 0.100000 0.000000 0.000000
vn 0.100000 0.000000 0.000000
vn 0.100000 0.000000 0.000000
vn 0.100000 0.000000 0.000000
vn 0.100000 0.000000 0.000000
vn 0.100000 0.000000 0.000000
vn 0.100000 0.000000 0.000000
vn 0.100000 0.000000 0.000000
vn 0.100000 0.000000 0.000000
vn 0.100000 0.000000 0.000000
vn 0.100000 0.000000 0.000000
vn 0.100000 0.000000 0.000000
vn 0.100000 0.000000 0.000000
vn 0.100000 0.000000 0.000000
vn 0.100000 0.000000 0.000000
vn 0.100000 0.000000 0.000000
vn 0.100000 0.000000 0.000000
vn 0.100000 0.000000 0.000000
vn 0.100000 0.000000 0.000000
vn 0.100000 0.000000 0.000000
vn 0.100000 0.000000 0.000000
vn 0.100000 0.000000 0.000000
vn 0.100000 0.000000 0.000000
vn 0.100000 0.000000 0.000000
vn 0.100000 0.000000 0.000000
vn 0.100000 0.000000 0.000000
vn 0.100000 0.000000 0.000000
vn 0.100000 0.000000 0.000000
vn 0.100000 0.000000 0.000000
vn 0.100000 0.000000 0.000000
vn 0.100000 0.000000 0.000000
vn 0.100000 0.000000 0.000000
vn 0.100000 0.000000 0.000000
vn 0.000000 -0.100000 0.000000
vn 0.000000 -0.100000 0.000000
vn 0.000000 -0.100000 0.000000
vn 0.000000 -0.100000 0.000000
vn -0.000000 0.000000 -0.100000
vn -0.000000 0.000000 -0.100000
vn -0.000000 0.000000 -0.100000
vn -0.000000 0.000000 -0.100000
vn -0.000000 0.100000 -0.000000
vn -0.000000 0.100000 -0.000000
vn -0.000000 0.100000 -0.000000
vn -0.000000 0.100000 -0.000000
vn 0.000000 0.000000 0.100000
vn 0.000000 0.000000 0.100000
vn 0.000000 0.000000 0.100000
vn 0.000000 0.000000 0.100000
vn 0.100000 0.000000 0.000000
vn 0.100000 0.000000 0.000000
vn 0.100000 0.000000 0.000000
vn 0.100000 0.000000 0.000000
vn 0.000000 -0.100000 0.000000
vn 0.000000 -0.100000 0.000000
vn 0.000000 -0.100000 0.000000
vn 0.000000 -0.100000 0.000000
vn -0.000000 0.000000 -0.100000
vn -0.000000 0.000000 -0.100000
vn -0.000000 0.000000 -0.100000
vn -0.000000 0.000000 -0.100000
vn -0.000000 0.100000 -0.000000
vn -0.000000 0.100000 -0.000000
vn -0.000000 0.100000 -0.000000
vn -0.000000 0.100000 -0.000000
vn 0.000000 0.000000 0.100000
vn 0.000000 0.000000 0.100000
vn 0.000000 0.000000 0.100000
vn 0.000000 0.000000 0.100000
vn 0.100000 0.000000 0.000000
vn 0.100000 0.000000 0.000000
vn 0.100000 0.000000 0.000000
vn 0.100000 0.000000 0.000000
vn -0.000000 0.100000 -0.000000
vn -0.000000 0.100000 -0.000000
vn -0.000000 0.100000 -0.000000
vn -0.000000 0.100000 -0.000000
vn 0.000000 -0.050273 -0.086445
vn 0.000000 -0.050273 -0.086445
vn 0.000000 -0.050273 -0.086445
vn 0.000000 -0.050273 -0.086445
vn 0.000000 -0.100000 0.000000
vn 0.000000 -0.100000 0.000000
vn 0.000000 -0.100000 0.000000
vn 0.000000 -0.100000 0.000000
vn 0.000000 0.000000 -0.100000
vn 0.000000 0.000000 -0.100000
vn 0.000000 0.000000 -0.100000
vn 0.000000 0.000000 -0.100000
vn 0.000000 -0.100000 0.000000
vn 0.000000 -0.100000 0.000000
vn 0.000000 -0.100000 0.000000
vn 0.000000 -0.100000 0.000000
vn 0.000000 0.000000 0.100000
vn 0.000000 0.000000 0.100000
vn 0.000000 0.000000 0.100000
vn 0.000000 0.000000 0.100000
vn 0.000000 -0.100000 0.000000
vn 0.000000 -0.100000 0.000000
vn 0.000000 -0.100000 0.000000
vn 0.000000 -0.100000 0.000000
vn 0.000000 -0.099999 -0.000458
vn 0.000000 -0.099998 0.000631
vn 0.000000 -0.099999 -0.000458
vn 0.000000 -0.099998 0.000631
vn 0.000000 -0.099924 0.003903
vn 0.000000 -0.099924 0.003903
vn 0.000000 -0.099627 0.008628
vn 0.000000 -0.099627 0.008628
vn 0.000000 -0.099454 0.010440
vn 0.000000 -0.099454 0.010440
vn 0.000000 -0.098326 0.018223
vn 0.000000 -0.097561 0.021950
vn 0.000000 -0.098326 0.018223
vn 0.000000 -0.097561 0.021950
vn 0.000000 -0.094361 0.033105
vn 0.000000 -0.094361 0.033105
vn 0.000000 -0.088983 0.045629
vn 0.000000 -0.088983 0.045629
vn 0.000000 -0.086809 0.049640
vn 0.000000 -0.086809 0.049640
vn 0.000000 -0.075173 0.065948
vn 0.000000 -0.071379 0.070036
vn 0.000000 -0.075173 0.065948
vn 0.000000 -0.071379 0.070036
vn 0.000000 -0.058572 0.081051
vn 0.000000 -0.058572 0.081051
vn 0.000000 -0.046093 0.088744
vn 0.000000 -0.046093 0.088744
vn 0.000000 -0.041814 0.090838
vn 0.000000 -0.041814 0.090838
vn 0.000000 -0.032843 0.094453
vn 0.000000 -0.029209 0.095639
vn 0.000000 -0.032843 0.094453
vn 0.000000 -0.029209 0.095639
vn 0.000000 -0.017965 0.098373
vn 0.000000 -0.017965 0.098373
vn 0.000000 -0.007255 0.099736
vn 0.000000 -0.007255 0.099736
vn 0.000000 -0.003706 0.099931
vn 0.000000 -0.003706 0.099931
vn 0.000000 0.003692 0.099932
vn 0.000000 0.007306 0.099733
vn 0.000000 0.003692 0.099932
vn 0.000000 0.007306 0.099733
vn 0.000000 0.018221 0.098326
vn 0.000000 0.018221 0.098326
vn 0.000000 0.029734 0.095477
vn 0.000000 0.029734 0.095477
vn 0.000000 0.033452 0.094239
vn 0.000000 0.033452 0.094239
vn -0.000000 0.099399 -0.010943
vn -0.000000 0.099399 -0.010943
vn -0.000000 0.099399 -0.010943
vn -0.000000 0.099399 -0.010943
vn 0.000000 -0.034060 -0.094021
vn 0.000000 -0.031662 -0.094855
vn 0.000000 -0.034060 -0.094021
vn 0.000000 -0.031662 -0.094855
vn 0.000000 -0.024289 -0.097005
vn 0.000000 -0.024289 -0.097005
vn 0.000000 -0.014308 -0.098971
vn 0.000000 -0.014308 -0.098971
vn 0.000000 -0.010726 -0.099423
vn 0.000000 -0.010726 -0.099423
vn -0.000000 0.005434 -0.099852
vn -0.000000 0.010927 -0.099401
vn -0.000000 0.005434 -0.099852
vn -0.000000 0.010927 -0.099401
vn -0.000000 0.027674 -0.096094
vn -0.000000 0.027674 -0.096094
vn -0.000000 0.044911 -0.089348
vn -0.000000 0.044911 -0.089348
vn -0.000000 0.050195 -0.086490
vn -0.000000 0.050195 -0.086490
vn -0.000000 0.063912 -0.076911
vn -0.000000 0.068627 -0.072735
vn -0.000000 0.063912 -0.076911
vn -0.000000 0.068627 -0.072735
vn -0.000000 0.081542 -0.057887
vn -0.000000 0.081542 -0.057887
vn -0.000000 0.091656 -0.039991
vn -0.000000 0.091656 -0.039991
vn -0.000000 0.094091 -0.033866
vn -0.000000 0.094091 -0.033866
vn -0.000000 0.091656 -0.039991
vn -0.000000 0.081542 -0.057887
vn -0.000000 0.099539 -0.009593
vn -0.000000 0.099716 -0.007526
vn -0.000000 0.099539 -0.009593
vn -0.000000 0.099716 -0.007526
vn -0.000000 0.099959 -0.002859
vn -0.000000 0.099959 -0.002859
vn 0.000000 0.100000 0.000093
vn 0.000000 0.100000 0.000093
vn 0.000000 0.099994 0.001076
vn 0.000000 0.099994 0.001076
vn -0.000000 0.100000 -0.000000
vn -0.000000 0.100000 -0.000000
vn -0.000000 0.100000 -0.000000
vn -0.000000 0.100000 -0.000000
vn 0.000000 0.000000 0.100000
vn 0.000000 0.000000 0.100000
vn 0.000000 0.000000 0.100000
vn 0.000000 0.000000 0.100000
vn -0.000000 0.100000 -0.000000
vn -0.000000 0.100000 -0.000000
vn -0.000000 0.100000 -0.000000
vn -0.000000 0.100000 -0.000000
vn 0.000000 0.000000 -0.100000
vn 0.000000 0.000000 -0.100000
vn 0.000000 0.000000 -0.100000
vn 0.000000 0.000000 -0.100000
vn -0.100000 0.000000 0.000000
vn -0.100000 0.000000 0.000000
vn -0.100000 0.000000 0.000000
vn -0.100000 0.000000 0.000000
vn -0.100000 0.000000 0.000000
vn -0.100000 0.000000 0.000000
vn -0.100000 0.000000 0.000000
vn -0.100000 0.000000 0.000000
vn -0.100000 0.000000 0.000000
vn -0.100000 0.000000 0.000000
vn -0.100000 0.000000 0.000000
vn -0.100000 0.000000 0.000000
vn -0.100000 0.000000 0.000000
vn -0.100000 0.000000 0.000000
vn -0.100000 0.000000 0.000000
vn -0.100000 0.000000 0.000000
vn -0.100000 0.000000 0.000000
vn -0.100000 0.000000 0.000000
vn -0.100000 0.000000 0.000000
vn -0.100000 0.000000 0.000000
vn -0.100000 0.000000 0.000000
vn -0.100000 0.000000 0.000000
vn -0.100000 0.000000 0.000000
vn -0.100000 0.000000 0.000000
vn -0.100000 0.000000 0.000000
vn -0.100000 0.000000 0.000000
vn -0.100000 0.000000 0.000000
vn -0.100000 0.000000 0.000000
vn -0.100000 0.000000 0.000000
vn -0.100000 0.000000 0.000000
vn -0.100000 0.000000 0.000000
vn -0.100000 0.000000 0.000000
vn -0.100000 0.000000 0.000000
vn -0.100000 0.000000 0.000000
vn -0.100000 0.000000 0.000000
vn -0.100000 0.000000 0.000000
vn -0.100000 0.000000 0.000000
vn -0.100000 0.000000 0.000000
vn -0.100000 0.000000 0.000000
vn -0.100000 0.000000 0.000000
vn -0.100000 0.000000 0.000000
vn -0.100000 0.000000 0.000000
vn -0.100000 0.000000 0.000000
vn -0.100000 0.000000 0.000000
vn -0.100000 0.000000 0.000000
vn -0.100000 0.000000 0.000000
vn -0.100000 0.000000 0.000000
vn -0.100000 0.000000 0.000000
vn -0.000000 0.100000 -0.000000
vn -0.000000 0.100000 -0.000000
vn -0.000000 0.100000 -0.000000
vn -0.000000 0.100000 -0.000000
vn 0.000000 0.000000 -0.100000
vn 0.000000 0.000000 -0.100000
vn 0.000000 0.000000 -0.100000
vn 0.000000 0.000000 -0.100000
vn 0.000000 -0.100000 0.000000
vn 0.000000 -0.100000 0.000000
vn 0.000000 -0.100000 0.000000
vn 0.000000 -0.100000 0.000000
vn 0.000000 -0.099992 0.001233
vn 0.000000 -0.099998 -0.000592
vn 0.000000 -0.099992 0.001233
vn 0.000000 -0.099998 -0.000592
vn 0.000000 -0.099814 -0.006094
vn 0.000000 -0.099814 -0.006094
vn 0.000000 -0.098966 -0.014341
vn 0.000000 -0.098966 -0.014341
vn 0.000000 -0.098433 -0.017632
vn 0.000000 -0.098433 -0.017632
vn 0.000000 -0.090709 -0.042094
vn 0.000000 -0.088059 -0.047388
vn 0.000000 -0.090709 -0.042094
vn 0.000000 -0.088059 -0.047388
vn 0.000000 -0.077961 -0.062626
vn 0.000000 -0.077961 -0.062626
vn 0.000000 -0.066045 -0.075087
vn 0.000000 -0.066045 -0.075087
vn 0.000000 -0.061764 -0.078646
vn 0.000000 -0.061764 -0.078646
vn 0.000000 -0.050399 -0.086371
vn 0.000000 -0.045413 -0.089094
vn 0.000000 -0.050399 -0.086371
vn 0.000000 -0.045413 -0.089094
vn 0.000000 -0.029131 -0.095663
vn 0.000000 -0.029131 -0.095663
vn 0.000000 -0.012304 -0.099240
vn 0.000000 -0.012304 -0.099240
vn 0.000000 -0.006767 -0.099771
vn 0.000000 -0.006767 -0.099771
vn -0.000000 0.004637 -0.099892
vn -0.000000 0.010020 -0.099497
vn -0.000000 0.004637 -0.099892
vn -0.000000 0.010020 -0.099497
vn -0.000000 0.026456 -0.096437
vn -0.000000 0.026456 -0.096437
vn -0.000000 0.043970 -0.089814
vn -0.000000 0.043970 -0.089814
vn -0.000000 0.049371 -0.086963
vn -0.000000 0.049371 -0.086963
vn -0.000000 0.065005 -0.075989
vn -0.000000 0.069510 -0.071891
vn -0.000000 0.065005 -0.075989
vn -0.000000 0.069510 -0.071891
vn -0.000000 0.081798 -0.057525
vn -0.000000 0.081798 -0.057525
vn -0.000000 0.090971 -0.041525
vn -0.000000 0.090971 -0.041525
vn -0.000000 0.093275 -0.036053
vn -0.000000 0.093275 -0.036053
vn -0.000000 0.099013 -0.014018
vn -0.000000 0.099363 -0.011271
vn -0.000000 0.099013 -0.014018
vn -0.000000 0.099363 -0.011271
vn -0.000000 0.099893 -0.004616
vn -0.000000 0.099893 -0.004616
vn -0.000000 0.100000 -0.000264
vn -0.000000 0.100000 -0.000264
vn 0.000000 0.099993 0.001182
vn 0.000000 0.099993 0.001182
vn -0.000000 0.100000 -0.000000
vn -0.000000 0.100000 -0.000000
vn -0.000000 0.100000 -0.000000
vn -0.000000 0.100000 -0.000000
vn 0.000000 0.000000 -0.100000
vn 0.000000 0.000000 -0.100000
vn 0.000000 0.000000 -0.100000
vn 0.000000 0.000000 -0.100000
vn 0.000000 -0.100000 0.000000
vn 0.000000 -0.100000 0.000000
vn 0.000000 -0.100000 0.000000
vn 0.000000 -0.100000 0.000000
vn 0.000000 -0.099989 0.001467
vn 0.000000 -0.099884 0.004813
vn 0.000000 -0.099989 0.001467
vn 0.000000 -0.099884 0.004813
vn 0.000000 -0.098877 0.014942
vn 0.000000 -0.098877 0.014942
vn 0.000000 -0.096223 0.027222
vn 0.000000 -0.096223 0.027222
vn 0.000000 -0.094968 0.031321
vn 0.000000 -0.094968 0.031321
vn 0.000000 -0.087589 0.048250
vn 0.000000 -0.084512 0.053458
vn 0.000000 -0.087589 0.048250
vn 0.000000 -0.084512 0.053458
vn 0.000000 -0.073033 0.068310
vn 0.000000 -0.073033 0.068310
vn 0.000000 -0.059330 0.080498
vn 0.000000 -0.059330 0.080498
vn 0.000000 -0.054475 0.083860
vn 0.000000 -0.054475 0.083860
vn 0.000000 -0.041923 0.090788
vn 0.000000 -0.037500 0.092703
vn 0.000000 -0.041923 0.090788
vn 0.000000 -0.037500 0.092703
vn 0.000000 -0.023471 0.097206
vn 0.000000 -0.023471 0.097206
vn 0.000000 -0.009653 0.099533
vn 0.000000 -0.009653 0.099533
vn 0.000000 -0.005090 0.099870
vn 0.000000 -0.005090 0.099870
vn 0.000000 0.005971 0.099822
vn 0.000000 0.010429 0.099455
vn 0.000000 0.005971 0.099822
vn 0.000000 0.010429 0.099455
vn 0.000000 0.023895 0.097103
vn 0.000000 0.023895 0.097103
vn 0.000000 0.036822 0.092974
vn 0.000000 0.036822 0.092974
vn 0.000000 0.040913 0.091248
vn 0.000000 0.040913 0.091248
vn 0.000000 0.050964 0.086039
vn 0.000000 0.054829 0.083629
vn 0.000000 0.050964 0.086039
vn 0.000000 0.054829 0.083629
vn 0.000000 0.065924 0.075193
vn 0.000000 0.065924 0.075193
vn 0.000000 0.075904 0.065105
vn 0.000000 0.075904 0.065105
vn 0.000000 0.078841 0.061515
vn 0.000000 0.078841 0.061515
vn 0.000000 -0.100000 0.000000
vn 0.000000 -0.100000 0.000000
vn 0.000000 -0.100000 0.000000
vn 0.000000 -0.100000 0.000000
vn 0.000000 0.000000 0.100000
vn 0.000000 0.000000 0.100000
vn 0.000000 0.000000 0.100000
vn 0.000000 0.000000 0.100000
vn -0.100000 0.000000 0.000000
vn -0.100000 0.000000 0.000000
vn -0.100000 0.000000 0.000000
vn -0.100000 0.000000 0.000000
vn -0.100000 0.000000 0.000000
vn -0.100000 0.000000 0.000000
vn -0.100000 0.000000 0.000000
vn -0.100000 0.000000 0.000000
vn -0.100000 0.000000 0.000000
vn -0.100000 0.000000 0.000000
vn -0.100000 0.000000 0.000000
vn -0.100000 0.000000 0.000000
vn -0.100000 0.000000 0.000000
vn -0.100000 0.000000 0.000000
vn -0.100000 0.000000 0.000000
vn -0.100000 0.000000 0.000000
vn -0.100000 0.000000 0.000000
vn -0.100000 0.000000 0.000000
vn -0.100000 0.000000 0.000000
vn -0.100000 0.000000 0.000000
vn -0.100000 0.000000 0.000000
vn -0.100000 0.000000 0.000000
vn -0.100000 0.000000 0.000000
vn -0.100000 0.000000 0.000000
vn -0.100000 0.000000 0.000000
vn -0.100000 0.000000 0.000000
vn -0.100000 0.000000 0.000000
vn -0.100000 0.000000 0.000000
vn -0.100000 0.000000 0.000000
vn -0.100000 0.000000 0.000000
vn -0.100000 0.000000 0.000000
vn -0.100000 0.000000 0.000000
vn -0.100000 0.000000 0.000000
vn -0.100000 0.000000 0.000000
vn -0.100000 0.000000 0.000000
vn -0.100000 0.000000 0.000000
vn -0.100000 0.000000 0.000000
vn -0.100000 0.000000 0.000000
vn -0.100000 0.000000 0.000000
vn -0.100000 0.000000 0.000000
vn -0.100000 0.000000 0.000000
vn -0.100000 0.000000 0.000000
vn -0.100000 0.000000 0.000000
vn -0.100000 0.000000 0.000000
vn -0.100000 0.000000 0.000000
vn -0.100000 0.000000 0.000000
vn -0.100000 0.000000 0.000000
vn -0.100000 0.000000 0.000000
vn -0.100000 0.000000 0.000000
vn -0.100000 0.000000 0.000000
vn -0.100000 0.000000 0.000000
vn -0.100000 0.000000 0.000000
vn 0.000000 0.068115 0.073215
vn 0.000000 0.062306 0.078218
vn 0.000000 0.068115 0.073215
vn 0.000000 0.062306 0.078218
vn 0.000000 0.041478 0.090992
vn 0.000000 0.041478 0.090992
vn 0.000000 0.017831 0.098398
vn 0.000000 0.017831 0.098398
vn 0.000000 0.010128 0.099486
vn 0.000000 0.010128 0.099486
vn 0.000000 -0.010105 0.099488
vn 0.000000 -0.017829 0.098398
vn 0.000000 -0.010105 0.099488
vn 0.000000 -0.017829 0.098398
vn 0.000000 -0.041555 0.090957
vn 0.000000 -0.041555 0.090957
vn 0.000000 -0.062471 0.078086
vn 0.000000 -0.062471 0.078086
vn 0.000000 -0.068296 0.073046
vn 0.000000 -0.068296 0.073046
vn 0.000000 -0.083569 0.054920
vn 0.000000 -0.087330 0.048719
vn 0.000000 -0.083569 0.054920
vn 0.000000 -0.087330 0.048719
vn 0.000000 -0.095927 0.028249
vn 0.000000 -0.095927 0.028249
vn 0.000000 -0.099516 0.009822
vn 0.000000 -0.099516 0.009822
vn 0.000000 -0.099926 0.003842
vn 0.000000 -0.099926 0.003842
vn 0.000000 -0.099938 -0.003533
vn 0.000000 -0.099552 -0.009457
vn 0.000000 -0.099938 -0.003533
vn 0.000000 -0.099552 -0.009457
vn 0.000000 -0.096082 -0.027717
vn 0.000000 -0.096082 -0.027717
vn 0.000000 -0.087585 -0.048258
vn 0.000000 -0.087585 -0.048258
vn 0.000000 -0.083839 -0.054506
vn 0.000000 -0.083839 -0.054506
vn 0.000000 -0.068296 -0.073046
vn 0.000000 -0.062471 -0.078086
vn 0.000000 -0.068296 -0.073046
vn 0.000000 -0.062471 -0.078086
vn 0.000000 -0.041555 -0.090957
vn 0.000000 -0.041555 -0.090957
vn 0.000000 -0.017829 -0.098398
vn 0.000000 -0.017829 -0.098398
vn 0.000000 -0.010105 -0.099488
vn 0.000000 -0.010105 -0.099488
vn -0.000000 0.010128 -0.099486
vn -0.000000 0.017831 -0.098398
vn -0.000000 0.010128 -0.099486
vn -0.000000 0.017831 -0.098398
vn -0.000000 0.041478 -0.090992
vn -0.000000 0.041478 -0.090992
vn -0.000000 0.062306 -0.078218
vn -0.000000 0.062306 -0.078218
vn -0.000000 0.068115 -0.073214
vn -0.000000 0.068115 -0.073214
vn -0.000000 0.083526 -0.054985
vn -0.000000 0.087314 -0.048747
vn -0.000000 0.083526 -0.054985
vn -0.000000 0.087314 -0.048747
vn -0.000000 0.095952 -0.028164
vn -0.000000 0.095952 -0.028164
vn -0.000000 0.099527 -0.009718
vn -0.000000 0.099527 -0.009718
vn -0.000000 0.099930 -0.003733
vn -0.000000 0.099930 -0.003733
vn 0.000000 0.099930 0.003733
vn 0.000000 0.099527 0.009718
vn 0.000000 0.099930 0.003733
vn 0.000000 0.099527 0.009718
vn 0.000000 0.095952 0.028164
vn 0.000000 0.095952 0.028164
vn 0.000000 0.087314 0.048747
vn 0.000000 0.087314 0.048747
vn 0.000000 0.083526 0.054985
vn 0.000000 0.083526 0.054985
vn 0.000000 -0.084065 0.054158
vn 0.000000 -0.080834 0.058872
vn 0.000000 -0.084065 0.054158
vn 0.000000 -0.080834 0.058872
vn 0.000000 -0.069201 0.072189
vn 0.000000 -0.069201 0.072189
vn 0.000000 -0.055573 0.083136
vn 0.000000 -0.055573 0.083136
vn 0.000000 -0.050790 0.086142
vn 0.000000 -0.050790 0.086142
vn 0.000000 -0.039597 0.091826
vn 0.000000 -0.035620 0.093441
vn 0.000000 -0.039597 0.091826
vn 0.000000 -0.035620 0.093441
vn 0.000000 -0.023101 0.097295
vn 0.000000 -0.023101 0.097295
vn 0.000000 -0.010089 0.099490
vn 0.000000 -0.010089 0.099490
vn 0.000000 -0.005779 0.099833
vn 0.000000 -0.005779 0.099833
vn 0.000000 0.008174 0.099665
vn 0.000000 0.015299 0.098823
vn 0.000000 0.008174 0.099665
vn 0.000000 0.015299 0.098823
vn 0.000000 0.037201 0.092823
vn 0.000000 0.037201 0.092823
vn 0.000000 0.057859 0.081562
vn 0.000000 0.057859 0.081562
vn 0.000000 0.063766 0.077032
vn 0.000000 0.063766 0.077032
vn 0.000000 0.078337 0.062155
vn 0.000000 0.082671 0.056263
vn 0.000000 0.078337 0.062155
vn 0.000000 0.082671 0.056263
vn 0.000000 0.093353 0.035851
vn 0.000000 0.093353 0.035851
vn 0.000000 0.098930 0.014588
vn 0.000000 0.098930 0.014588
vn 0.000000 0.099706 0.007667
vn 0.000000 0.099706 0.007667
vn -0.000000 0.099708 -0.007632
vn -0.000000 0.098934 -0.014560
vn -0.000000 0.099708 -0.007632
vn -0.000000 0.098934 -0.014560
vn -0.000000 0.093354 -0.035847
vn -0.000000 0.093354 -0.035847
vn -0.000000 0.082637 -0.056312
vn -0.000000 0.082637 -0.056312
vn -0.000000 0.078288 -0.062217
vn -0.000000 0.078288 -0.062217
vn -0.000000 0.063199 -0.077497
vn -0.000000 0.057215 -0.082015
vn -0.000000 0.063199 -0.077497
vn -0.000000 0.057215 -0.082015
vn -0.000000 0.036344 -0.093162
vn -0.000000 0.036344 -0.093162
vn -0.000000 0.014667 -0.098919
vn -0.000000 0.014667 -0.098919
vn -0.000000 0.007623 -0.099709
vn -0.000000 0.007623 -0.099709
vn 0.000000 -0.005217 -0.099864
vn 0.000000 -0.009751 -0.099523
vn 0.000000 -0.005217 -0.099864
vn 0.000000 -0.009751 -0.099523
vn 0.000000 -0.023478 -0.097205
vn 0.000000 -0.023478 -0.097205
vn 0.000000 -0.037296 -0.092785
vn 0.000000 -0.037296 -0.092785
vn 0.000000 -0.041656 -0.090911
vn 0.000000 -0.041656 -0.090911
vn 0.000000 -0.054254 -0.084003
vn 0.000000 -0.058781 -0.080900
vn 0.000000 -0.054254 -0.084003
vn 0.000000 -0.058781 -0.080900
vn 0.000000 -0.071586 -0.069824
vn 0.000000 -0.071586 -0.069824
vn 0.000000 -0.082198 -0.056952
vn 0.000000 -0.082198 -0.056952
vn 0.000000 -0.085155 -0.052427
vn 0.000000 -0.085155 -0.052427
vn 0.000000 -0.090828 -0.041835
vn 0.000000 -0.092598 -0.037756
vn 0.000000 -0.090828 -0.041835
vn 0.000000 -0.092598 -0.037756
vn 0.000000 -0.096864 -0.024845
vn 0.000000 -0.096864 -0.024845
vn 0.000000 -0.099385 -0.011073
vn 0.000000 -0.099385 -0.011073
vn 0.000000 -0.099788 -0.006509
vn 0.000000 -0.099788 -0.006509
vn 0.000000 -0.099932 0.003684
vn 0.000000 -0.099681 0.007981
vn 0.000000 -0.099932 0.003684
vn 0.000000 -0.099681 0.007981
vn 0.000000 -0.097767 0.021014
vn 0.000000 -0.097767 0.021014
vn 0.000000 -0.093605 0.035188
vn 0.000000 -0.093605 0.035188
vn 0.000000 -0.091778 0.039709
vn 0.000000 -0.091778 0.039709
vn -0.100000 0.000000 0.000000
vn -0.100000 0.000000 0.000000
vn -0.100000 0.000000 0.000000
vn -0.100000 0.000000 0.000000
vn -0.100000 0.000000 0.000000
vn -0.100000 0.000000 0.000000
vn -0.100000 0.000000 0.000000
vn -0.100000 0.000000 0.000000
vn -0.100000 0.000000 0.000000
vn -0.100000 0.000000 0.000000
vn -0.100000 0.000000 0.000000
vn -0.100000 0.000000 0.000000
vn -0.100000 0.000000 0.000000
vn -0.100000 0.000000 0.000000
vn -0.100000 0.000000 0.000000
vn -0.100000 0.000000 0.000000
vn -0.100000 0.000000 0.000000
vn -0.100000 0.000000 0.000000
vn -0.100000 0.000000 0.000000
vn -0.100000 0.000000 0.000000
vn -0.100000 0.000000 0.000000
vn -0.100000 0.000000 0.000000
vn -0.100000 0.000000 0.000000
vn -0.100000 0.000000 0.000000
vn -0.100000 0.000000 0.000000
vn -0.100000 0.000000 0.000000
vn -0.100000 0.000000 0.000000
vn -0.100000 0.000000 0.000000
vn -0.100000 0.000000 0.000000
vn -0.100000 0.000000 0.000000
vn -0.100000 0.000000 0.000000
vn -0.100000 0.000000 0.000000
vn -0.100000 0.000000 0.000000
vn -0.100000 0.000000 0.000000
vn -0.100000 0.000000 0.000000
vn -0.100000 0.000000 0.000000
vn -0.100000 0.000000 0.000000
vn -0.100000 0.000000 0.000000
vn -0.100000 0.000000 0.000000
vn -0.100000 0.000000 0.000000
vn -0.100000 0.000000 0.000000
vn -0.100000 0.000000 0.000000
vn -0.100000 0.000000 0.000000
vn -0.100000 0.000000 0.000000
vn -0.100000 0.000000 0.000000
vn -0.100000 0.000000 0.000000
vn -0.100000 0.000000 0.000000
vn -0.100000 0.000000 0.000000
vn -0.100000 0.000000 0.000000
vn -0.100000 0.000000 0.000000
vn -0.100000 0.000000 0.000000
vn -0.100000 0.000000 0.000000
vn -0.100000 0.000000 0.000000
vn -0.100000 0.000000 0.000000
vn -0.100000 0.000000 0.000000
vn -0.100000 0.000000 0.000000
vn -0.100000 0.000000 0.000000
vn -0.100000 0.000000 0.000000
vn -0.100000 0.000000 0.000000
vn -0.100000 0.000000 0.000000
vn -0.100000 0.000000 0.000000
vn -0.100000 0.000000 0.000000
vn -0.100000 0.000000 0.000000
vn -0.100000 0.000000 0.000000
vn -0.100000 0.000000 0.000000
vn -0.100000 0.000000 0.000000
vn -0.100000 0.000000 0.000000
vn -0.100000 0.000000 0.000000
vn -0.100000 0.000000 0.000000
vn -0.100000 0.000000 0.000000
vn -0.100000 0.000000 0.000000
vn -0.100000 0.000000 0.000000
vn -0.100000 0.000000 0.000000
vn -0.100000 0.000000 0.000000
vn -0.100000 0.000000 0.000000
vn -0.100000 0.000000 0.000000
vn -0.100000 0.000000 0.000000
vn -0.100000 0.000000 0.000000
vn -0.100000 0.000000 0.000000
vn -0.100000 0.000000 0.000000
vn -0.100000 0.000000 0.000000
vn -0.100000 0.000000 0.000000
vn -0.100000 0.000000 0.000000
vn -0.100000 0.000000 0.000000
vn -0.100000 0.000000 0.000000
vn -0.100000 0.000000 0.000000
vn -0.100000 0.000000 0.000000
vn -0.100000 0.000000 0.000000
vn -0.100000 0.000000 0.000000
vn -0.100000 0.000000 0.000000
vn -0.100000 0.000000 0.000000
vn -0.100000 0.000000 0.000000
vn -0.100000 0.000000 0.000000
vn -0.100000 0.000000 0.000000
vn -0.100000 0.000000 0.000000
vn -0.100000 0.000000 0.000000
vn -0.100000 0.000000 0.000000
vn -0.100000 0.000000 0.000000
vn -0.100000 0.000000 0.000000
vn -0.100000 0.000000 0.000000
vn -0.100000 0.000000 0.000000
vn -0.100000 0.000000 0.000000
vn -0.100000 0.000000 0.000000
vn -0.100000 0.000000 0.000000
vn -0.100000 0.000000 0.000000
vn -0.100000 0.000000 0.000000
vn -0.100000 0.000000 0.000000
vn -0.100000 0.000000 0.000000
vn -0.100000 0.000000 0.000000
vn -0.100000 0.000000 0.000000
vn -0.100000 0.000000 0.000000
vn -0.100000 0.000000 0.000000
vn -0.100000 0.000000 0.000000
vn -0.100000 0.000000 0.000000
vn -0.100000 0.000000 0.000000
vn -0.100000 0.000000 0.000000
vn -0.100000 0.000000 0.000000
vn -0.100000 0.000000 0.000000
vn -0.100000 0.000000 0.000000
vn -0.100000 0.000000 0.000000
vn -0.100000 0.000000 0.000000
vn -0.100000 0.000000 0.000000
vn -0.100000 0.000000 0.000000
vn -0.100000 0.000000 0.000000
vn -0.100000 0.000000 0.000000
vn -0.100000 0.000000 0.000000
vn -0.100000 0.000000 0.000000
vn -0.100000 0.000000 0.000000
vn -0.100000 0.000000 0.000000
vn -0.100000 0.000000 0.000000
vn -0.100000 0.000000 0.000000
vn -0.100000 0.000000 0.000000
vn -0.100000 0.000000 0.000000
vn -0.100000 0.000000 0.000000
vn -0.100000 0.000000 0.000000
vn -0.100000 0.000000 0.000000
vn -0.100000 0.000000 0.000000
vn -0.100000 0.000000 0.000000
vn -0.100000 0.000000 0.000000
vn -0.100000 0.000000 0.000000
vn -0.100000 0.000000 0.000000
vn -0.100000 0.000000 0.000000
vn -0.100000 0.000000 0.000000
vn -0.100000 0.000000 0.000000
vn -0.100000 0.000000 0.000000
vn -0.100000 0.000000 0.000000
vn -0.100000 0.000000 0.000000
vn -0.100000 0.000000 0.000000
vn -0.100000 0.000000 0.000000
vn -0.100000 0.000000 0.000000
vn -0.100000 0.000000 0.000000
vn -0.100000 0.000000 0.000000
vn -0.100000 0.000000 0.000000
vn -0.100000 0.000000 0.000000
vn -0.100000 0.000000 0.000000
vn -0.100000 0.000000 0.000000
vn -0.100000 0.000000 0.000000
vn -0.100000 0.000000 0.000000
vn -0.100000 0.000000 0.000000
vn -0.100000 0.000000 0.000000
vn -0.100000 0.000000 0.000000
vn -0.100000 0.000000 0.000000
vn -0.100000 0.000000 0.000000
vn -0.100000 0.000000 0.000000
vn -0.100000 0.000000 0.000000
vn -0.100000 0.000000 0.000000
vn -0.100000 0.000000 0.000000
vn -0.100000 0.000000 0.000000
vn -0.100000 0.000000 0.000000
vn -0.100000 0.000000 0.000000
vn -0.100000 0.000000 0.000000
vn -0.100000 0.000000 0.000000
vn -0.100000 0.000000 0.000000
vn -0.100000 0.000000 0.000000
vn -0.100000 0.000000 0.000000
vn -0.100000 0.000000 0.000000
vn -0.100000 0.000000 0.000000
vn -0.100000 0.000000 0.000000
vn -0.100000 0.000000 0.000000
vn -0.100000 0.000000 0.000000
vn -0.100000 0.000000 0.000000
vn -0.100000 0.000000 0.000000
vn -0.100000 0.000000 0.000000
vn -0.100000 0.000000 0.000000
vn -0.100000 0.000000 0.000000
vn -0.100000 0.000000 0.000000
vn -0.100000 0.000000 0.000000
vn -0.100000 0.000000 0.000000
vn -0.100000 0.000000 0.000000
vn -0.100000 0.000000 0.000000
vn -0.100000 0.000000 0.000000
vn -0.100000 0.000000 0.000000
vn -0.100000 0.000000 0.000000
vn -0.100000 0.000000 0.000000
vn -0.100000 0.000000 0.000000
vn -0.100000 0.000000 0.000000
vn -0.100000 0.000000 0.000000
vn -0.100000 0.000000 0.000000
vn -0.100000 0.000000 0.000000
vn -0.100000 0.000000 0.000000
vn -0.100000 0.000000 0.000000
vn -0.100000 0.000000 0.000000
vn -0.100000 0.000000 0.000000
vn -0.100000 0.000000 0.000000
vn -0.100000 0.000000 0.000000
vn -0.100000 0.000000 0.000000
vn -0.100000 0.000000 0.000000
vn -0.100000 0.000000 0.000000
vn -0.100000 0.000000 0.000000
vn -0.100000 0.000000 0.000000
vn -0.100000 0.000000 0.000000
vn -0.100000 0.000000 0.000000
vn -0.100000 0.000000 0.000000
vn -0.100000 0.000000 0.000000
vn -0.100000 0.000000 0.000000
vn -0.100000 0.000000 0.000000
vn -0.100000 0.000000 0.000000
vn -0.100000 0.000000 0.000000
vn -0.100000 0.000000 0.000000
vn -0.100000 0.000000 0.000000
vn 0.000000 -0.100000 0.000000
vn 0.000000 -0.100000 0.000000
vn 0.000000 -0.100000 0.000000
vn 0.000000 -0.100000 0.000000
vn -0.000000 0.100000 -0.000000
vn -0.000000 0.100000 -0.000000
vn -0.000000 0.100000 -0.000000
vn -0.000000 0.100000 -0.000000
vn 0.000000 0.000000 0.100000
vn 0.000000 0.000000 0.100000
vn 0.000000 0.000000 0.100000
vn 0.000000 0.000000 0.100000
vn -0.100000 0.000000 0.000000
vn -0.100000 0.000000 0.000000
vn -0.100000 0.000000 0.000000
vn -0.100000 0.000000 0.000000
vn -0.100000 0.000000 0.000000
vn -0.100000 0.000000 0.000000
vn -0.100000 0.000000 0.000000
vn -0.100000 0.000000 0.000000
vn 0.000000 0.000000 0.100000
vn 0.000000 0.000000 0.100000
vn 0.000000 0.000000 0.100000
vn 0.000000 0.000000 0.100000
vn 0.000000 -0.100000 0.000000
vn 0.000000 -0.100000 0.000000
vn 0.000000 -0.100000 0.000000
vn 0.000000 -0.100000 0.000000
vn 0.000000 0.100000 0.000000
vn 0.000000 0.100000 0.000000
vn 0.000000 0.100000 0.000000
vn 0.000000 0.100000 0.000000
vn 0.000000 0.000000 0.100000
vn 0.000000 0.000000 0.100000
vn 0.000000 0.000000 0.100000
vn 0.000000 0.000000 0.100000
vn 0.000000 0.000000 0.100000
vn 0.000000 0.000000 0.100000
vn 0.000000 0.000000 0.100000
vn 0.000000 0.000000 0.100000
vn 0.100000 0.000000 0.000000
vn 0.100000 0.000000 0.000000
vn 0.100000 0.000000 0.000000
vn 0.100000 0.000000 0.000000
vn 0.100000 0.000000 0.000000
vn 0.100000 0.000000 0.000000
vn 0.100000 0.000000 0.000000
vn 0.100000 0.000000 0.000000
vn 0.100000 0.000000 0.000000
vn 0.100000 0.000000 0.000000
vn 0.100000 0.000000 0.000000
vn 0.100000 0.000000 0.000000
vn 0.100000 0.000000 0.000000
vn 0.100000 0.000000 0.000000
vn 0.100000 0.000000 0.000000
vn 0.100000 0.000000 0.000000
vn 0.100000 0.000000 0.000000
vn 0.100000 0.000000 0.000000
vn 0.100000 0.000000 0.000000
vn 0.100000 0.000000 0.000000
vn 0.100000 0.000000 0.000000
vn 0.100000 0.000000 0.000000
vn 0.100000 0.000000 0.000000
vn 0.100000 0.000000 0.000000
vn 0.100000 0.000000 0.000000
vn 0.100000 0.000000 0.000000
vn 0.100000 0.000000 0.000000
vn 0.100000 0.000000 0.000000
vn 0.100000 0.000000 0.000000
vn 0.100000 0.000000 0.000000
vn 0.100000 0.000000 0.000000
vn 0.100000 0.000000 0.000000
vn 0.100000 0.000000 0.000000
vn 0.100000 0.000000 0.000000
vn 0.100000 0.000000 0.000000
vn 0.100000 0.000000 0.000000
vn 0.100000 0.000000 0.000000
vn 0.100000 0.000000 0.000000
vn 0.100000 0.000000 0.000000
vn 0.100000 0.000000 0.000000
vn 0.100000 0.000000 0.000000
vn 0.100000 0.000000 0.000000
vn 0.100000 0.000000 0.000000
vn 0.100000 0.000000 0.000000
vn 0.100000 0.000000 0.000000
vn 0.100000 0.000000 0.000000
vn 0.100000 0.000000 0.000000
vn 0.100000 0.000000 0.000000
vn 0.100000 0.000000 0.000000
vn 0.100000 0.000000 0.000000
vn 0.100000 0.000000 0.000000
vn 0.100000 0.000000 0.000000
vn 0.100000 0.000000 0.000000
vn 0.100000 0.000000 0.000000
vn 0.100000 0.000000 0.000000
vn 0.100000 0.000000 0.000000
vn 0.100000 0.000000 0.000000
vn 0.100000 0.000000 0.000000
vn 0.100000 0.000000 0.000000
vn 0.100000 0.000000 0.000000
vn 0.100000 0.000000 0.000000
vn 0.100000 0.000000 0.000000
vn 0.100000 0.000000 0.000000
vn 0.100000 0.000000 0.000000
vn 0.100000 0.000000 0.000000
vn 0.100000 0.000000 0.000000
vn 0.100000 0.000000 0.000000
vn 0.100000 0.000000 0.000000
vn 0.100000 0.000000 0.000000
vn 0.100000 0.000000 0.000000
vn 0.000000 0.000000 0.100000
vn 0.000000 0.000000 0.100000
vn 0.000000 0.000000 0.100000
vn 0.000000 0.000000 0.100000
vn -0.100000 0.000000 0.000000
vn -0.100000 0.000000 0.000000
vn -0.100000 0.000000 0.000000
vn -0.100000 0.000000 0.000000
vn -0.100000 0.000000 0.000000
vn -0.100000 0.000000 0.000000
vn -0.100000 0.000000 0.000000
vn -0.100000 0.000000 0.000000
vn -0.100000 0.000000 0.000000
vn -0.100000 0.000000 0.000000
vn -0.100000 0.000000 0.000000
vn -0.100000 0.000000 0.000000
vn -0.100000 0.000000 0.000000
vn -0.100000 0.000000 0.000000
vn -0.100000 0.000000 0.000000
vn -0.100000 0.000000 0.000000
vn -0.100000 0.000000 0.000000
vn -0.100000 0.000000 0.000000
vn -0.100000 0.000000 0.000000
vn -0.100000 0.000000 0.000000
vn -0.100000 0.000000 0.000000
vn -0.100000 0.000000 0.000000
vn -0.100000 0.000000 0.000000
vn -0.100000 0.000000 0.000000
vn -0.100000 0.000000 0.000000
vn -0.100000 0.000000 0.000000
vn -0.100000 0.000000 0.000000
vn -0.100000 0.000000 0.000000
vn -0.100000 0.000000 0.000000
vn -0.100000 0.000000 0.000000
vn -0.100000 0.000000 0.000000
vn -0.100000 0.000000 0.000000
vn 0.000000 0.000000 0.100000
vn 0.000000 0.000000 0.100000
vn 0.000000 0.000000 0.100000
vn 0.000000 0.000000 0.100000
vn 0.000000 -0.100000 0.000000
vn 0.000000 -0.100000 0.000000
vn 0.000000 -0.100000 0.000000
vn 0.000000 -0.100000 0.000000
vn 0.000000 -0.100000 0.000000
vn 0.000000 -0.100000 0.000000
vn 0.000000 -0.100000 0.000000
vn 0.000000 -0.100000 0.000000
vn 0.000000 0.000000 0.100000
vn 0.000000 0.000000 0.100000
vn 0.000000 0.000000 0.100000
vn 0.000000 0.000000 0.100000
vn 0.000000 0.100000 0.000000
vn 0.000000 0.100000 0.000000
vn 0.000000 0.100000 0.000000
vn 0.000000 0.100000 0.000000
vn 0.000000 0.100000 0.000000
vn 0.000000 0.100000 0.000000
vn 0.000000 0.100000 0.000000
vn 0.000000 0.100000 0.000000
vn 0.100000 0.000000 0.000000
vn 0.100000 0.000000 0.000000
vn 0.100000 0.000000 0.000000
vn 0.100000 0.000000 0.000000
vn 0.100000 0.000000 0.000000
vn 0.100000 0.000000 0.000000
vn 0.100000 0.000000 0.000000
vn 0.100000 0.000000 0.000000
vn -0.000000 0.000000 -0.100000
vn -0.000000 0.000000 -0.100000
vn -0.000000 0.000000 -0.100000
vn -0.000000 0.000000 -0.100000
usemtl 鋼_-_サテン
f 1/1/1 2/2/2 10/3/3
f 10/3/3 2/2/2 9/4/4
f 9/4/4 2/2/2 3/5/5
f 9/4/4 3/5/5 8/6/6
f 8/6/6 3/5/5 4/7/7
f 8/6/6 4/7/7 7/8/8
f 7/8/8 4/7/7 5/9/9
f 7/8/8 5/9/9 6/10/10
f 5/11/11 11/12/12 6/13/13
f 6/13/13 11/12/12 18/14/14
f 18/14/14 11/12/12 12/15/15
f 18/14/14 12/15/15 17/16/16
f 17/16/16 12/15/15 13/17/17
f 17/16/16 13/17/17 16/18/18
f 16/18/18 13/17/17 14/19/19
f 16/18/18 14/19/19 15/20/20
f 14/21/21 19/22/22 15/23/23
f 15/23/23 19/22/22 26/24/24
f 26/24/24 19/22/22 20/25/25
f 26/24/24 20/25/25 25/26/26
f 25/26/26 20/25/25 21/27/27
f 25/26/26 21/27/27 24/28/28
f 24/28/28 21/27/27 22/29/29
f 24/28/28 22/29/29 23/30/30
f 22/31/31 27/32/32 23/33/33
f 23/33/33 27/32/32 34/34/34
f 34/34/34 27/32/32 28/35/35
f 34/34/34 28/35/35 33/36/36
f 33/36/36 28/35/35 29/37/37
f 33/36/36 29/37/37 32/38/38
f 32/38/38 29/37/37 30/39/39
f 32/38/38 30/39/39 31/40/40
f 30/41/41 35/42/42 31/43/43
f 31/43/43 35/42/42 46/44/44
f 46/44/44 35/42/42 36/45/45
f 46/44/44 36/45/45 45/46/46
f 45/46/46 36/45/45 37/47/47
f 45/46/46 37/47/47 44/48/48
f 44/48/48 37/47/47 38/49/49
f 44/48/48 38/49/49 43/50/50
f 43/50/50 38/49/49 39/51/51
f 43/50/50 39/51/51 42/52/52
f 42/52/52 39/51/51 40/53/53
f 42/52/52 40/53/53 41/54/54
f 40/55/55 47/56/56 41/57/57
f 41/57/57 47/56/56 48/58/58
f 47/59/59 49/60/60 48/61/61
f 48/61/61 49/60/60 50/62/62
f 49/63/63 51/64/64 50/65/65
f 50/65/65 51/64/64 52/66/66
f 51/67/67 53/68/68 52/69/69
f 52/69/69 53/68/68 54/70/70
f 53/71/71 55/72/72 54/73/73
f 54/73/73 55/72/72 56/74/74
f 55/75/75 57/76/76 56/77/77
f 56/77/77 57/76/76 64/78/78
f 64/78/78 57/76/76 58/79/79
f 64/78/78 58/79/79 63/80/80
f 63/80/80 58/79/79 59/81/81
f 63/80/80 59/81/81 62/82/82
f 62/82/82 59/81/81 60/83/83
f 62/82/82 60/83/83 61/84/84
f 60/85/85 65/86/86 61/87/87
f 61/87/87 65/86/86 72/88/88
f 72/88/88 65/86/86 66/89/89
f 72/88/88 66/89/89 71/90/90
f 71/90/90 66/89/89 67/91/91
f 71/90/90 67/91/91 70/92/92
f 70/92/92 67/91/91 68/93/93
f 70/92/92 68/93/93 69/94/94
f 68/95/95 73/96/96 69/97/97
f 69/97/97 73/96/96 80/98/98
f 80/98/98 73/96/96 74/99/99
f 80/98/98 74/99/99 79/100/100
f 79/100/100 74/99/99 75/101/101
f 79/100/100 75/101/101 78/102/102
f 78/102/102 75/101/101 76/103/103
f 78/102/102 76/103/103 77/104/104
f 76/105/105 81/106/106 77/107/107
f 77/107/107 81/106/106 88/108/108
f 88/108/108 81/106/106 82/109/109
f 88/108/108 82/109/109 87/110/110
f 87/110/110 82/109/109 83/111/111
f 87/110/110 83/111/111 86/112/112
f 86/112/112 83/111/111 84/113/113
f 86/112/112 84/113/113 85/114/114
f 84/115/115 89/116/116 85/117/117
f 85/117/117 89/116/116 96/118/118
f 96/118/118 89/116/116 90/119/119
f 96/118/118 90/119/119 95/120/120
f 95/120/120 90/119/119 91/121/121
f 95/120/120 91/121/121 94/122/122
f 94/122/122 91/121/121 92/123/123
f 94/122/122 92/123/123 93/124/124
f 92/125/125 97/126/126 93/127/127
f 93/127/127 97/126/126 104/128/128
f 104/128/128 97/126/126 98/129/129
f 104/128/128 98/129/129 103/130/130
f 103/130/130 98/129/129 99/131/131
f 103/130/130 99/131/131 102/132/132
f 102/132/132 99/131/131 100/133/133
f 102/132/132 100/133/133 101/134/134
f 100/135/135 105/136/136 101/137/137
f 101/137/137 105/136/136 106/138/138
f 105/139/139 107/140/140 106/141/141
f 106/141/141 107/140/140 108/142/142
f 107/143/143 1/144/144 108/145/145
f 108/145/145 1/144/144 10/146/146
f 106/147/147 108/148/148 101/149/149
f 101/149/149 108/148/148 10/150/150
f 101/149/149 10/150/150 102/151/151
f 102/151/151 10/150/150 103/152/152
f 103/152/152 10/150/150 9/153/153
f 103/152/152 9/153/153 104/154/154
f 104/154/154 9/153/153 8/155/155
f 104/154/154 8/155/155 7/156/156
f 104/154/154 7/156/156 93/157/157
f 93/157/157 7/156/156 6/158/158
f 93/157/157 6/158/158 18/159/159
f 18/159/159 17/160/160 93/157/157
f 93/157/157 17/160/160 16/161/161
f 93/157/157 16/161/161 94/162/162
f 94/162/162 16/161/161 15/163/163
f 94/162/162 15/163/163 26/164/164
f 26/164/164 25/165/165 94/162/162
f 94/162/162 25/165/165 95/166/166
f 95/166/166 25/165/165 24/167/167
f 95/166/166 24/167/167 23/168/168
f 95/166/166 23/168/168 96/169/169
f 96/169/169 23/168/168 34/170/170
f 96/169/169 34/170/170 85/171/171
f 85/171/171 34/170/170 33/172/172
f 85/171/171 33/172/172 32/173/173
f 85/171/171 32/173/173 86/174/174
f 86/174/174 32/173/173 31/175/175
f 86/174/174 31/175/175 87/176/176
f 87/176/176 31/175/175 46/177/177
f 87/176/176 46/177/177 88/178/178
f 88/178/178 46/177/177 77/179/179
f 77/179/179 46/177/177 45/180/180
f 77/179/179 45/180/180 78/181/181
f 78/181/181 45/180/180 44/182/182
f 78/181/181 44/182/182 79/183/183
f 79/183/183 44/182/182 43/184/184
f 79/183/183 43/184/184 80/185/185
f 80/185/185 43/184/184 42/186/186
f 80/185/185 42/186/186 69/187/187
f 69/187/187 42/186/186 41/188/188
f 69/187/187 41/188/188 70/189/189
f 70/189/189 41/188/188 71/190/190
f 71/190/190 41/188/188 72/191/191
f 72/191/191 41/188/188 61/192/192
f 61/192/192 41/188/188 62/193/193
f 62/193/193 41/188/188 50/194/194
f 62/193/193 50/194/194 63/195/195
f 63/195/195 50/194/194 64/196/196
f 64/196/196 50/194/194 52/197/197
f 64/196/196 52/197/197 56/198/198
f 56/198/198 52/197/197 54/199/199
f 41/188/188 48/200/200 50/194/194
f 109/201/201 110/202/202 112/203/203
f 112/203/203 110/202/202 111/204/204
f 110/205/205 113/206/206 111/207/207
f 111/207/207 113/206/206 114/208/208
f 113/209/209 115/210/210 114/211/211
f 114/211/211 115/210/210 116/212/212
f 115/213/213 109/214/214 116/215/215
f 116/215/215 109/214/214 112/216/216
f 112/217/217 111/218/218 116/219/219
f 116/219/219 111/218/218 114/220/220
f 117/221/221 118/222/222 120/223/223
f 120/223/223 118/222/222 119/224/224
f 118/225/225 121/226/226 119/227/227
f 119/227/227 121/226/226 122/228/228
f 121/229/229 123/230/230 122/231/231
f 122/231/231 123/230/230 124/232/232
f 123/233/233 117/234/234 124/235/235
f 124/235/235 117/234/234 120/236/236
f 120/237/237 119/238/238 124/239/239
f 124/239/239 119/238/238 122/240/240
f 125/241/241 126/242/242 128/243/243
f 128/243/243 126/242/242 127/244/244
f 126/245/245 129/246/246 127/247/247
f 127/247/247 129/246/246 130/248/248
f 129/249/249 131/250/250 130/251/251
f 130/251/251 131/250/250 132/252/252
f 131/253/253 133/254/254 132/255/255
f 132/255/255 133/254/254 134/256/256
f 133/257/257 135/258/258 134/259/259
f 134/259/259 135/258/258 136/260/260
f 135/261/261 137/262/262 136/263/263
f 136/263/263 137/262/262 138/264/264
f 137/265/265 139/266/266 138/267/267
f 138/267/267 139/266/266 140/268/268
f 139/269/269 141/270/270 140/271/271
f 140/271/271 141/270/270 148/272/272
f 148/272/272 141/270/270 142/273/273
f 148/272/272 142/273/273 147/274/274
f 147/274/274 142/273/273 143/275/275
f 147/274/274 143/275/275 146/276/276
f 146/276/276 143/275/275 144/277/277
f 146/276/276 144/277/277 145/278/278
f 144/279/279 149/280/280 145/281/281
f 145/281/281 149/280/280 156/282/282
f 156/282/282 149/280/280 150/283/283
f 156/282/282 150/283/283 155/284/284
f 155/284/284 150/283/283 151/285/285
f 155/284/284 151/285/285 154/286/286
f 154/286/286 151/285/285 152/287/287
f 154/286/286 152/287/287 153/288/288
f 152/289/289 157/290/290 153/291/291
f 153/291/291 157/290/290 164/292/292
f 164/292/292 157/290/290 158/293/293
f 164/292/292 158/293/293 163/294/294
f 163/294/294 158/293/293 159/295/295
f 163/294/294 159/295/295 162/296/296
f 162/296/296 159/295/295 160/297/297
f 162/296/296 160/297/297 161/298/298
f 160/299/299 165/300/300 161/301/301
f 161/301/301 165/300/300 172/302/302
f 172/302/302 165/300/300 166/303/303
f 172/302/302 166/303/303 171/304/304
f 171/304/304 166/303/303 167/305/305
f 171/304/304 167/305/305 170/306/306
f 170/306/306 167/305/305 168/307/307
f 170/306/306 168/307/307 169/308/308
f 168/309/309 173/310/310 169/311/311
f 169/311/311 173/310/310 180/312/312
f 180/312/312 173/310/310 174/313/313
f 180/312/312 174/313/313 179/314/314
f 179/314/314 174/313/313 175/315/315
f 179/314/314 175/315/315 178/316/316
f 178/316/316 175/315/315 176/317/317
f 178/316/316 176/317/317 177/318/318
f 176/319/319 181/320/320 177/321/321
f 177/321/321 181/320/320 182/322/322
f 181/323/323 183/324/324 182/325/325
f 182/325/325 183/324/324 190/326/326
f 190/326/326 183/324/324 184/327/327
f 190/326/326 184/327/327 189/328/328
f 189/328/328 184/327/327 185/329/329
f 189/328/328 185/329/329 188/330/330
f 188/330/330 185/329/329 186/331/331
f 188/330/330 186/331/331 187/332/332
f 186/333/333 191/334/334 187/335/335
f 187/335/335 191/334/334 198/336/336
f 198/336/336 191/334/334 192/337/337
f 198/336/336 192/337/337 197/338/338
f 197/338/338 192/337/337 193/339/339
f 197/338/338 193/339/339 196/340/340
f 196/340/340 193/339/339 194/341/341
f 196/340/340 194/341/341 195/342/342
f 194/343/343 199/344/344 195/345/345
f 195/345/345 199/344/344 206/346/346
f 206/346/346 199/344/344 208/347/347
f 206/346/346 208/347/347 205/348/348
f 205/348/348 208/347/347 207/349/349
f 205/348/348 207/349/349 204/350/350
f 204/350/350 207/349/349 203/351/351
f 203/351/351 207/349/349 202/352/352
f 202/352/352 207/349/349 201/353/353
f 201/353/353 207/349/349 208/347/347
f 201/353/353 208/347/347 200/354/354
f 200/354/354 208/347/347 199/344/344
f 202/355/355 209/356/356 203/357/357
f 203/357/357 209/356/356 216/358/358
f 216/358/358 209/356/356 210/359/359
f 216/358/358 210/359/359 215/360/360
f 215/360/360 210/359/359 211/361/361
f 215/360/360 211/361/361 214/362/362
f 214/362/362 211/361/361 212/363/363
f 214/362/362 212/363/363 213/364/364
f 212/365/365 217/366/366 213/367/367
f 213/367/367 217/366/366 218/368/368
f 217/369/369 219/370/370 218/371/371
f 218/371/371 219/370/370 220/372/372
f 219/373/373 221/374/374 220/375/375
f 220/375/375 221/374/374 222/376/376
f 221/377/377 125/378/378 222/379/379
f 222/379/379 125/378/378 128/380/380
f 222/381/381 128/382/382 220/383/383
f 220/383/383 128/382/382 218/384/384
f 218/384/384 128/382/382 132/385/385
f 218/384/384 132/385/385 138/386/386
f 138/386/386 132/385/385 134/387/387
f 138/386/386 134/387/387 136/388/388
f 127/389/389 130/390/390 128/382/382
f 128/382/382 130/390/390 132/385/385
f 218/384/384 138/386/386 213/391/391
f 213/391/391 138/386/386 140/392/392
f 213/391/391 140/392/392 214/393/393
f 214/393/393 140/392/392 148/394/394
f 214/393/393 148/394/394 215/395/395
f 215/395/395 148/394/394 162/396/396
f 215/395/395 162/396/396 161/397/397
f 162/396/396 148/394/394 163/398/398
f 163/398/398 148/394/394 147/399/399
f 163/398/398 147/399/399 146/400/400
f 145/401/401 154/402/402 146/400/400
f 146/400/400 154/402/402 153/403/403
f 146/400/400 153/403/403 164/404/404
f 145/401/401 156/405/405 154/402/402
f 154/402/402 156/405/405 155/406/406
f 164/404/404 163/398/398 146/400/400
f 215/395/395 161/397/397 216/407/407
f 216/407/407 161/397/397 172/408/408
f 216/407/407 172/408/408 203/409/409
f 203/409/409 172/408/408 171/410/410
f 203/409/409 171/410/410 170/411/411
f 169/412/412 205/413/413 170/411/411
f 170/411/411 205/413/413 204/414/414
f 170/411/411 204/414/414 203/409/409
f 180/415/415 195/416/416 169/412/412
f 169/412/412 195/416/416 206/417/417
f 169/412/412 206/417/417 205/413/413
f 179/418/418 187/419/419 180/415/415
f 180/415/415 187/419/419 198/420/420
f 180/415/415 198/420/420 197/421/421
f 178/422/422 189/423/423 179/418/418
f 179/418/418 189/423/423 188/424/424
f 179/418/418 188/424/424 187/419/419
f 189/423/423 178/422/422 190/425/425
f 190/425/425 178/422/422 177/426/426
f 190/425/425 177/426/426 182/427/427
f 197/421/421 196/428/428 180/415/415
f 180/415/415 196/428/428 195/416/416
f 223/429/429 224/430/430 226/431/431
f 226/431/431 224/430/430 225/432/432
f 224/433/433 227/434/434 225/435/435
f 225/435/435 227/434/434 228/436/436
f 227/437/437 229/438/438 228/439/439
f 228/439/439 229/438/438 230/440/440
f 229/441/441 231/442/442 230/443/443
f 230/443/443 231/442/442 238/444/444
f 238/444/444 231/442/442 232/445/445
f 238/444/444 232/445/445 237/446/446
f 237/446/446 232/445/445 233/447/447
f 237/446/446 233/447/447 236/448/448
f 236/448/448 233/447/447 234/449/449
f 236/448/448 234/449/449 235/450/450
f 234/451/451 239/452/452 235/453/453
f 235/453/453 239/452/452 246/454/454
f 246/454/454 239/452/452 240/455/455
f 246/454/454 240/455/455 245/456/456
f 245/456/456 240/455/455 241/457/457
f 245/456/456 241/457/457 244/458/458
f 244/458/458 241/457/457 242/459/459
f 244/458/458 242/459/459 243/460/460
f 242/461/461 247/462/462 243/463/463
f 243/463/463 247/462/462 254/464/464
f 254/464/464 247/462/462 248/465/465
f 254/464/464 248/465/465 253/466/466
f 253/466/466 248/465/465 249/467/467
f 253/466/466 249/467/467 252/468/468
f 252/468/468 249/467/467 250/469/469
f 252/468/468 250/469/469 251/470/470
f 250/471/471 255/472/472 251/473/473
f 251/473/473 255/472/472 262/474/474
f 262/474/474 255/472/472 256/475/475
f 262/474/474 256/475/475 261/476/476
f 261/476/476 256/475/475 257/477/477
f 261/476/476 257/477/477 260/478/478
f 260/478/478 257/477/477 258/479/479
f 260/478/478 258/479/479 259/480/480
f 258/481/481 263/482/482 259/483/483
f 259/483/483 263/482/482 270/484/484
f 270/484/484 263/482/482 264/485/485
f 270/484/484 264/485/485 269/486/486
f 269/486/486 264/485/485 265/487/487
f 269/486/486 265/487/487 268/488/488
f 268/488/488 265/487/487 266/489/489
f 268/488/488 266/489/489 267/490/490
f 266/491/491 271/492/492 267/493/493
f 267/493/493 271/492/492 278/494/494
f 278/494/494 271/492/492 272/495/495
f 278/494/494 272/495/495 277/496/496
f 277/496/496 272/495/495 273/497/497
f 277/496/496 273/497/497 276/498/498
f 276/498/498 273/497/497 274/499/499
f 276/498/498 274/499/499 275/500/500
f 274/501/501 279/502/502 275/503/503
f 275/503/503 279/502/502 280/504/504
f 279/505/505 281/506/506 280/507/507
f 280/507/507 281/506/506 282/508/508
f 281/509/509 283/510/510 282/511/511
f 282/511/511 283/510/510 284/512/512
f 283/513/513 285/514/514 284/515/515
f 284/515/515 285/514/514 292/516/516
f 292/516/516 285/514/514 286/517/517
f 292/516/516 286/517/517 291/518/518
f 291/518/518 286/517/517 287/519/519
f 291/518/518 287/519/519 290/520/520
f 290/520/520 287/519/519 288/521/521
f 290/520/520 288/521/521 289/522/522
f 288/523/523 293/524/524 289/525/525
f 289/525/525 293/524/524 300/526/526
f 300/526/526 293/524/524 294/527/527
f 300/526/526 294/527/527 299/528/528
f 299/528/528 294/527/527 295/529/529
f 299/528/528 295/529/529 298/530/530
f 298/530/530 295/529/529 296/531/531
f 298/530/530 296/531/531 297/532/532
f 296/533/533 301/534/534 297/535/535
f 297/535/535 301/534/534 308/536/536
f 308/536/536 301/534/534 302/537/537
f 308/536/536 302/537/537 307/538/538
f 307/538/538 302/537/537 303/539/539
f 307/538/538 303/539/539 306/540/540
f 306/540/540 303/539/539 304/541/541
f 306/540/540 304/541/541 305/542/542
f 304/543/543 309/544/544 305/545/545
f 305/545/545 309/544/544 316/546/546
f 316/546/546 309/544/544 310/547/547
f 316/546/546 310/547/547 315/548/548
f 315/548/548 310/547/547 311/549/549
f 315/548/548 311/549/549 314/550/550
f 314/550/550 311/549/549 312/551/551
f 314/550/550 312/551/551 313/552/552
f 312/553/553 317/554/554 313/555/555
f 313/555/555 317/554/554 324/556/556
f 324/556/556 317/554/554 318/557/557
f 324/556/556 318/557/557 323/558/558
f 323/558/558 318/557/557 319/559/559
f 323/558/558 319/559/559 322/560/560
f 322/560/560 319/559/559 320/561/561
f 322/560/560 320/561/561 321/562/562
f 320/563/563 325/564/564 321/565/565
f 321/565/565 325/564/564 326/566/566
f 325/567/567 223/568/568 326/569/569
f 326/569/569 223/568/568 226/570/570
f 326/571/571 226/572/572 321/573/573
f 321/573/573 226/572/572 236/574/574
f 321/573/573 236/574/574 235/575/575
f 225/576/576 238/577/577 226/572/572
f 226/572/572 238/577/577 237/578/578
f 226/572/572 237/578/578 236/574/574
f 228/579/579 230/580/580 225/576/576
f 225/576/576 230/580/580 238/577/577
f 235/575/575 246/581/581 321/573/573
f 321/573/573 246/581/581 245/582/582
f 321/573/573 245/582/582 244/583/583
f 321/573/573 244/583/583 322/584/584
f 322/584/584 244/583/583 243/585/585
f 322/584/584 243/585/585 323/586/586
f 323/586/586 243/585/585 254/587/587
f 323/586/586 254/587/587 324/588/588
f 324/588/588 254/587/587 253/589/589
f 324/588/588 253/589/589 313/590/590
f 313/590/590 253/589/589 252/591/591
f 313/590/590 252/591/591 314/592/592
f 314/592/592 252/591/591 251/593/593
f 314/592/592 251/593/593 315/594/594
f 315/594/594 251/593/593 262/595/595
f 315/594/594 262/595/595 316/596/596
f 316/596/596 262/595/595 261/597/597
f 316/596/596 261/597/597 305/598/598
f 305/598/598 261/597/597 260/599/599
f 305/598/598 260/599/599 306/600/600
f 306/600/600 260/599/599 259/601/601
f 306/600/600 259/601/601 307/602/602
f 307/602/602 259/601/601 270/603/603
f 307/602/602 270/603/603 308/604/604
f 308/604/604 270/603/603 269/605/605
f 308/604/604 269/605/605 297/606/606
f 297/606/606 269/605/605 298/607/607
f 298/607/607 269/605/605 268/608/608
f 298/607/607 268/608/608 299/609/609
f 299/609/609 268/608/608 300/610/610
f 300/610/610 268/608/608 267/611/611
f 300/610/610 267/611/611 289/612/612
f 289/612/612 267/611/611 290/613/613
f 290/613/613 267/611/611 291/614/614
f 291/614/614 267/611/611 278/615/615
f 291/614/614 278/615/615 292/616/616
f 292/616/616 278/615/615 284/617/617
f 284/617/617 278/615/615 277/618/618
f 284/617/617 277/618/618 276/619/619
f 276/619/619 275/620/620 284/617/617
f 284/617/617 275/620/620 282/621/621
f 282/621/621 275/620/620 280/622/622
f 327/623/623 328/624/624 336/625/625
f 336/625/625 328/624/624 335/626/626
f 335/626/626 328/624/624 329/627/627
f 335/626/626 329/627/627 334/628/628
f 334/628/628 329/627/627 330/629/629
f 334/628/628 330/629/629 333/630/630
f 333/630/630 330/629/629 331/631/631
f 333/630/630 331/631/631 332/632/632
f 331/633/633 337/634/634 332/635/635
f 332/635/635 337/634/634 344/636/636
f 344/636/636 337/634/634 338/637/637
f 344/636/636 338/637/637 343/638/638
f 343/638/638 338/637/637 339/639/639
f 343/638/638 339/639/639 342/640/640
f 342/640/640 339/639/639 340/641/641
f 342/640/640 340/641/641 341/642/642
f 340/643/643 345/644/644 341/645/645
f 341/645/645 345/644/644 352/646/646
f 352/646/646 345/644/644 346/647/647
f 352/646/646 346/647/647 351/648/648
f 351/648/648 346/647/647 347/649/649
f 351/648/648 347/649/649 350/650/650
f 350/650/650 347/649/649 348/651/651
f 350/650/650 348/651/651 349/652/652
f 348/653/653 353/654/654 349/655/655
f 349/655/655 353/654/654 360/656/656
f 360/656/656 353/654/654 354/657/657
f 360/656/656 354/657/657 359/658/658
f 359/658/658 354/657/657 355/659/659
f 359/658/658 355/659/659 358/660/660
f 358/660/660 355/659/659 356/661/661
f 358/660/660 356/661/661 357/662/662
f 356/663/663 361/664/664 357/665/665
f 357/665/665 361/664/664 368/666/666
f 368/666/666 361/664/664 362/667/667
f 368/666/666 362/667/667 367/668/668
f 367/668/668 362/667/667 363/669/669
f 367/668/668 363/669/669 366/670/670
f 366/670/670 363/669/669 364/671/671
f 366/670/670 364/671/671 365/672/672
f 364/673/673 369/674/674 365/675/675
f 365/675/675 369/674/674 376/676/676
f 376/676/676 369/674/674 370/677/677
f 376/676/676 370/677/677 375/678/678
f 375/678/678 370/677/677 371/679/679
f 375/678/678 371/679/679 374/680/680
f 374/680/680 371/679/679 372/681/681
f 374/680/680 372/681/681 373/682/682
f 372/683/683 377/684/684 373/685/685
f 373/685/685 377/684/684 384/686/686
f 384/686/686 377/684/684 378/687/687
f 384/686/686 378/687/687 383/688/688
f 383/688/688 378/687/687 379/689/689
f 383/688/688 379/689/689 382/690/690
f 382/690/690 379/689/689 380/691/691
f 382/690/690 380/691/691 381/692/692
f 380/693/693 385/694/694 381/695/695
f 381/695/695 385/694/694 390/696/696
f 390/696/696 385/694/694 386/697/697
f 390/696/696 386/697/697 389/698/698
f 389/698/698 386/697/697 387/699/699
f 389/698/698 387/699/699 388/700/700
f 388/700/700 387/699/699 327/701/701
f 388/700/700 327/701/701 336/702/702
f 391/703/703 392/704/704 400/705/705
f 400/705/705 392/704/704 399/706/706
f 399/706/706 392/704/704 393/707/707
f 399/706/706 393/707/707 398/708/708
f 398/708/708 393/707/707 394/709/709
f 398/708/708 394/709/709 397/710/710
f 397/710/710 394/709/709 395/711/711
f 397/710/710 395/711/711 396/712/712
f 395/713/713 401/714/714 396/715/715
f 396/715/715 401/714/714 408/716/716
f 408/716/716 401/714/714 402/717/717
f 408/716/716 402/717/717 407/718/718
f 407/718/718 402/717/717 403/719/719
f 407/718/718 403/719/719 406/720/720
f 406/720/720 403/719/719 404/721/721
f 406/720/720 404/721/721 405/722/722
f 404/723/723 409/724/724 405/725/725
f 405/725/725 409/724/724 416/726/726
f 416/726/726 409/724/724 410/727/727
f 416/726/726 410/727/727 415/728/728
f 415/728/728 410/727/727 411/729/729
f 415/728/728 411/729/729 414/730/730
f 414/730/730 411/729/729 412/731/731
f 414/730/730 412/731/731 413/732/732
f 412/733/733 417/734/734 413/735/735
f 413/735/735 417/734/734 424/736/736
f 424/736/736 417/734/734 418/737/737
f 424/736/736 418/737/737 423/738/738
f 423/738/738 418/737/737 419/739/739
f 423/738/738 419/739/739 422/740/740
f 422/740/740 419/739/739 420/741/741
f 422/740/740 420/741/741 421/742/742
f 420/743/743 425/744/744 421/745/745
f 421/745/745 425/744/744 432/746/746
f 432/746/746 425/744/744 426/747/747
f 432/746/746 426/747/747 431/748/748
f 431/748/748 426/747/747 427/749/749
f 431/748/748 427/749/749 430/750/750
f 430/750/750 427/749/749 428/751/751
f 430/750/750 428/751/751 429/752/752
f 428/753/753 433/754/754 429/755/755
f 429/755/755 433/754/754 440/756/756
f 440/756/756 433/754/754 434/757/757
f 440/756/756 434/757/757 439/758/758
f 439/758/758 434/757/757 435/759/759
f 439/758/758 435/759/759 438/760/760
f 438/760/760 435/759/759 436/761/761
f 438/760/760 436/761/761 437/762/762
f 436/763/763 441/764/764 437/765/765
f 437/765/765 441/764/764 448/766/766
f 448/766/766 441/764/764 442/767/767
f 448/766/766 442/767/767 447/768/768
f 447/768/768 442/767/767 443/769/769
f 447/768/768 443/769/769 446/770/770
f 446/770/770 443/769/769 444/771/771
f 446/770/770 444/771/771 445/772/772
f 444/773/773 449/774/774 445/775/775
f 445/775/775 449/774/774 456/776/776
f 456/776/776 449/774/774 450/777/777
f 456/776/776 450/777/777 455/778/778
f 455/778/778 450/777/777 451/779/779
f 455/778/778 451/779/779 454/780/780
f 454/780/780 451/779/779 452/781/781
f 454/780/780 452/781/781 453/782/782
f 452/783/783 457/784/784 453/785/785
f 453/785/785 457/784/784 464/786/786
f 464/786/786 457/784/784 458/787/787
f 464/786/786 458/787/787 463/788/788
f 463/788/788 458/787/787 459/789/789
f 463/788/788 459/789/789 462/790/790
f 462/790/790 459/789/789 460/791/791
f 462/790/790 460/791/791 461/792/792
f 460/793/793 465/794/794 461/795/795
f 461/795/795 465/794/794 470/796/796
f 470/796/796 465/794/794 466/797/797
f 470/796/796 466/797/797 469/798/798
f 469/798/798 466/797/797 467/799/799
f 469/798/798 467/799/799 468/800/800
f 468/800/800 467/799/799 391/801/801
f 468/800/800 391/801/801 400/802/802
f 462/803/803 461/804/804 381/805/805
f 381/805/805 461/804/804 470/806/806
f 381/805/805 470/806/806 382/807/807
f 382/807/807 470/806/806 469/808/808
f 382/807/807 469/808/808 383/809/809
f 383/809/809 469/808/808 468/810/810
f 383/809/809 468/810/810 400/811/811
f 383/809/809 400/811/811 384/812/812
f 384/812/812 400/811/811 399/813/813
f 384/812/812 399/813/813 373/814/814
f 373/814/814 399/813/813 398/815/815
f 373/814/814 398/815/815 397/816/816
f 373/814/814 397/816/816 374/817/817
f 374/817/817 397/816/816 396/818/818
f 374/817/817 396/818/818 408/819/819
f 374/817/817 408/819/819 375/820/820
f 375/820/820 408/819/819 407/821/821
f 375/820/820 407/821/821 376/822/822
f 376/822/822 407/821/821 406/823/823
f 376/822/822 406/823/823 365/824/824
f 365/824/824 406/823/823 405/825/825
f 365/824/824 405/825/825 366/826/826
f 366/826/826 405/825/825 416/827/827
f 366/826/826 416/827/827 367/828/828
f 367/828/828 416/827/827 415/829/829
f 367/828/828 415/829/829 368/830/830
f 368/830/830 415/829/829 414/831/831
f 368/830/830 414/831/831 357/832/832
f 357/832/832 414/831/831 413/833/833
f 357/832/832 413/833/833 358/834/834
f 358/834/834 413/833/833 424/835/835
f 358/834/834 424/835/835 359/836/836
f 359/836/836 424/835/835 423/837/837
f 359/836/836 423/837/837 422/838/838
f 421/839/839 349/840/840 422/838/838
f 422/838/838 349/840/840 360/841/841
f 422/838/838 360/841/841 359/836/836
f 349/840/840 421/839/839 350/842/842
f 350/842/842 421/839/839 432/843/843
f 350/842/842 432/843/843 351/844/844
f 351/844/844 432/843/843 431/845/845
f 351/844/844 431/845/845 430/846/846
f 351/844/844 430/846/846 352/847/847
f 352/847/847 430/846/846 429/848/848
f 352/847/847 429/848/848 341/849/849
f 341/849/849 429/848/848 440/850/850
f 341/849/849 440/850/850 342/851/851
f 342/851/851 440/850/850 439/852/852
f 342/851/851 439/852/852 343/853/853
f 343/853/853 439/852/852 438/854/854
f 343/853/853 438/854/854 344/855/855
f 344/855/855 438/854/854 437/856/856
f 344/855/855 437/856/856 332/857/857
f 332/857/857 437/856/856 448/858/858
f 332/857/857 448/858/858 333/859/859
f 333/859/859 448/858/858 447/860/860
f 333/859/859 447/860/860 334/861/861
f 334/861/861 447/860/860 446/862/862
f 334/861/861 446/862/862 335/863/863
f 335/863/863 446/862/862 445/864/864
f 335/863/863 445/864/864 456/865/865
f 335/863/863 456/865/865 336/866/866
f 336/866/866 456/865/865 455/867/867
f 336/866/866 455/867/867 454/868/868
f 336/866/866 454/868/868 388/869/869
f 388/869/869 454/868/868 453/870/870
f 388/869/869 453/870/870 389/871/871
f 389/871/871 453/870/870 464/872/872
f 389/871/871 464/872/872 463/873/873
f 389/871/871 463/873/873 390/874/874
f 390/874/874 463/873/873 462/803/803
f 390/874/874 462/803/803 381/805/805
f 472/875/875 467/876/876 471/877/877
f 471/877/877 467/876/876 466/878/878
f 471/877/877 466/878/878 465/879/879
f 473/880/880 393/881/881 472/875/875
f 472/875/875 393/881/881 392/882/882
f 472/875/875 392/882/882 391/883/883
f 474/884/884 476/885/885 473/880/880
f 473/880/880 476/885/885 303/886/886
f 473/880/880 303/886/886 409/887/887
f 409/887/887 303/886/886 302/888/888
f 409/887/887 302/888/888 410/889/889
f 410/889/889 302/888/888 301/890/890
f 410/889/889 301/890/890 296/891/891
f 474/884/884 475/892/892 476/885/885
f 477/893/893 176/894/894 476/885/885
f 476/885/885 176/894/894 175/895/895
f 476/885/885 175/895/895 174/896/896
f 477/893/893 478/897/897 176/894/894
f 176/894/894 478/897/897 181/898/898
f 181/898/898 478/897/897 219/899/899
f 181/898/898 219/899/899 212/900/900
f 212/900/900 219/899/899 217/901/901
f 471/877/877 126/902/902 478/897/897
f 478/897/897 126/902/902 221/903/903
f 478/897/897 221/903/903 219/899/899
f 401/904/904 395/905/905 473/880/880
f 473/880/880 395/905/905 394/906/906
f 473/880/880 394/906/906 393/881/881
f 391/883/883 467/876/876 472/875/875
f 465/879/879 460/907/907 471/877/877
f 471/877/877 460/907/907 459/908/908
f 471/877/877 459/908/908 458/909/909
f 458/909/909 457/910/910 471/877/877
f 471/877/877 457/910/910 452/911/911
f 471/877/877 452/911/911 451/912/912
f 451/912/912 450/913/913 471/877/877
f 471/877/877 450/913/913 449/914/914
f 471/877/877 449/914/914 444/915/915
f 444/915/915 443/916/916 471/877/877
f 471/877/877 443/916/916 442/917/917
f 471/877/877 442/917/917 441/918/918
f 441/918/918 436/919/919 471/877/877
f 471/877/877 436/919/919 126/902/902
f 436/919/919 435/920/920 126/902/902
f 126/902/902 435/920/920 281/921/921
f 126/902/902 281/921/921 279/922/922
f 435/920/920 434/923/923 281/921/921
f 281/921/921 434/923/923 433/924/924
f 281/921/921 433/924/924 428/925/925
f 428/925/925 427/926/926 281/921/921
f 281/921/921 427/926/926 426/927/927
f 281/921/921 426/927/927 425/928/928
f 281/921/921 425/928/928 283/929/929
f 283/929/929 425/928/928 420/930/930
f 283/929/929 420/930/930 419/931/931
f 283/929/929 419/931/931 285/932/932
f 285/932/932 419/931/931 418/933/933
f 285/932/932 418/933/933 286/934/934
f 286/934/934 418/933/933 417/935/935
f 286/934/934 417/935/935 287/936/936
f 287/936/936 417/935/935 288/937/937
f 288/937/937 417/935/935 412/938/938
f 288/937/937 412/938/938 293/939/939
f 293/939/939 412/938/938 294/940/940
f 294/940/940 412/938/938 411/941/941
f 294/940/940 411/941/941 295/942/942
f 295/942/942 411/941/941 296/891/891
f 296/891/891 411/941/941 410/889/889
f 409/887/887 404/943/943 473/880/880
f 473/880/880 404/943/943 403/944/944
f 473/880/880 403/944/944 402/945/945
f 402/945/945 401/904/904 473/880/880
f 223/946/946 135/947/947 224/948/948
f 224/948/948 135/947/947 133/949/949
f 224/948/948 133/949/949 129/950/950
f 129/950/950 133/949/949 131/951/951
f 325/952/952 476/885/885 223/946/946
f 223/946/946 476/885/885 166/953/953
f 223/946/946 166/953/953 165/954/954
f 320/955/955 319/956/956 325/952/952
f 325/952/952 319/956/956 318/957/957
f 325/952/952 318/957/957 317/958/958
f 317/958/958 312/959/959 325/952/952
f 325/952/952 312/959/959 311/960/960
f 325/952/952 311/960/960 310/961/961
f 310/961/961 309/962/962 325/952/952
f 325/952/952 309/962/962 476/885/885
f 309/962/962 304/963/963 476/885/885
f 476/885/885 304/963/963 303/886/886
f 274/964/964 229/965/965 279/922/922
f 279/922/922 229/965/965 227/966/966
f 279/922/922 227/966/966 129/950/950
f 129/950/950 227/966/966 224/948/948
f 229/965/965 274/964/964 231/967/967
f 231/967/967 274/964/964 273/968/968
f 231/967/967 273/968/968 232/969/969
f 232/969/969 273/968/968 272/970/970
f 232/969/969 272/970/970 233/971/971
f 233/971/971 272/970/970 271/972/972
f 233/971/971 271/972/972 234/973/973
f 234/973/973 271/972/972 239/974/974
f 239/974/974 271/972/972 240/975/975
f 240/975/975 271/972/972 241/976/976
f 241/976/976 271/972/972 242/977/977
f 242/977/977 271/972/972 247/978/978
f 247/978/978 271/972/972 266/979/979
f 247/978/978 266/979/979 248/980/980
f 248/980/980 266/979/979 249/981/981
f 249/981/981 266/979/979 265/982/982
f 249/981/981 265/982/982 250/983/983
f 250/983/983 265/982/982 255/984/984
f 255/984/984 265/982/982 256/985/985
f 256/985/985 265/982/982 257/986/986
f 257/986/986 265/982/982 264/987/987
f 257/986/986 264/987/987 263/988/988
f 263/988/988 258/989/989 257/986/986
f 126/902/902 125/990/990 221/903/903
f 212/900/900 211/991/991 181/898/898
f 181/898/898 211/991/991 210/992/992
f 181/898/898 210/992/992 183/993/993
f 183/993/993 210/992/992 209/994/994
f 183/993/993 209/994/994 184/995/995
f 184/995/995 209/994/994 185/996/996
f 185/996/996 209/994/994 202/997/997
f 185/996/996 202/997/997 186/998/998
f 186/998/998 202/997/997 201/999/999
f 186/998/998 201/999/999 191/1000/1000
f 191/1000/1000 201/999/999 192/1001/1001
f 192/1001/1001 201/999/999 193/1002/1002
f 193/1002/1002 201/999/999 199/1003/1003
f 193/1002/1002 199/1003/1003 194/1004/1004
f 201/999/999 200/1005/1005 199/1003/1003
f 174/896/896 173/1006/1006 476/885/885
f 476/885/885 173/1006/1006 168/1007/1007
f 476/885/885 168/1007/1007 167/1008/1008
f 167/1008/1008 166/953/953 476/885/885
f 165/954/954 160/1009/1009 223/946/946
f 223/946/946 160/1009/1009 159/1010/1010
f 223/946/946 159/1010/1010 158/1011/1011
f 158/1011/1011 157/1012/1012 223/946/946
f 223/946/946 157/1012/1012 152/1013/1013
f 223/946/946 152/1013/1013 151/1014/1014
f 151/1014/1014 150/1015/1015 223/946/946
f 223/946/946 150/1015/1015 149/1016/1016
f 223/946/946 149/1016/1016 144/1017/1017
f 144/1017/1017 143/1018/1018 223/946/946
f 223/946/946 143/1018/1018 142/1019/1019
f 223/946/946 142/1019/1019 141/1020/1020
f 141/1020/1020 139/1021/1021 223/946/946
f 223/946/946 139/1021/1021 135/947/947
f 139/1021/1021 137/1022/1022 135/947/947
f 129/950/950 126/902/902 279/922/922
f 473/1023/1023 479/1024/1024 474/1025/1025
f 474/1025/1025 479/1024/1024 480/1026/1026
f 481/1027/1027 476/1028/1028 482/1029/1029
f 482/1029/1029 476/1028/1028 475/1030/1030
f 474/1031/1031 480/1032/1032 475/1033/1033
f 475/1033/1033 480/1032/1032 482/1034/1034
f 481/1035/1035 482/1036/1036 486/1037/1037
f 486/1037/1037 482/1036/1036 485/1038/1038
f 485/1038/1038 482/1036/1036 480/1039/1039
f 485/1038/1038 480/1039/1039 484/1040/1040
f 484/1040/1040 480/1039/1039 483/1041/1041
f 483/1041/1041 480/1039/1039 479/1042/1042
f 479/1043/1043 473/1044/1044 483/1045/1045
f 483/1045/1045 473/1044/1044 472/1046/1046
f 487/1047/1047 488/1048/1048 490/1049/1049
f 490/1049/1049 488/1048/1048 489/1050/1050
f 491/1051/1051 492/1052/1052 494/1053/1053
f 494/1053/1053 492/1052/1052 493/1054/1054
f 494/1055/1055 493/1056/1056 489/1057/1057
f 489/1057/1057 493/1056/1056 490/1058/1058
f 488/1059/1059 487/1060/1060 496/1061/1061
f 496/1061/1061 487/1060/1060 495/1062/1062
f 11/1063/1063 5/1064/1064 497/1065/1065
f 497/1065/1065 5/1064/1064 4/1066/1066
f 497/1065/1065 4/1066/1066 3/1067/1067
f 3/1067/1067 2/1068/1068 497/1065/1065
f 497/1065/1065 2/1068/1068 1/1069/1069
f 497/1065/1065 1/1069/1069 107/1070/1070
f 105/1071/1071 488/1072/1072 107/1070/1070
f 107/1070/1070 488/1072/1072 496/1073/1073
f 107/1070/1070 496/1073/1073 497/1065/1065
f 100/1074/1074 55/1075/1075 105/1071/1071
f 105/1071/1071 55/1075/1075 53/1076/1076
f 105/1071/1071 53/1076/1076 488/1072/1072
f 488/1072/1072 53/1076/1076 491/1077/1077
f 488/1072/1072 491/1077/1077 494/1078/1078
f 99/1079/1079 58/1080/1080 100/1074/1074
f 100/1074/1074 58/1080/1080 57/1081/1081
f 100/1074/1074 57/1081/1081 55/1075/1075
f 58/1080/1080 99/1079/1079 59/1082/1082
f 59/1082/1082 99/1079/1079 98/1083/1083
f 59/1082/1082 98/1083/1083 97/1084/1084
f 92/1085/1085 73/1086/1086 97/1084/1084
f 97/1084/1084 73/1086/1086 68/1087/1087
f 97/1084/1084 68/1087/1087 67/1088/1088
f 92/1085/1085 91/1089/1089 73/1086/1086
f 73/1086/1086 91/1089/1089 74/1090/1090
f 74/1090/1090 91/1089/1089 75/1091/1091
f 75/1091/1091 91/1089/1089 76/1092/1092
f 76/1092/1092 91/1089/1089 81/1093/1093
f 81/1093/1093 91/1089/1089 82/1094/1094
f 82/1094/1094 91/1089/1089 83/1095/1095
f 83/1095/1095 91/1089/1089 90/1096/1096
f 83/1095/1095 90/1096/1096 89/1097/1097
f 89/1097/1097 84/1098/1098 83/1095/1095
f 67/1088/1088 66/1099/1099 97/1084/1084
f 97/1084/1084 66/1099/1099 65/1100/1100
f 97/1084/1084 65/1100/1100 60/1101/1101
f 60/1101/1101 59/1082/1082 97/1084/1084
f 53/1076/1076 51/1102/1102 491/1077/1077
f 491/1077/1077 51/1102/1102 109/1103/1103
f 491/1077/1077 109/1103/1103 115/1104/1104
f 51/1102/1102 49/1105/1105 109/1103/1103
f 109/1103/1103 49/1105/1105 110/1106/1106
f 110/1106/1106 49/1105/1105 117/1107/1107
f 110/1106/1106 117/1107/1107 113/1108/1108
f 113/1108/1108 117/1107/1107 123/1109/1109
f 113/1108/1108 123/1109/1109 498/1110/1110
f 498/1110/1110 123/1109/1109 121/1111/1111
f 498/1110/1110 121/1111/1111 118/1112/1112
f 117/1107/1107 49/1105/1105 118/1112/1112
f 118/1112/1112 49/1105/1105 47/1113/1113
f 118/1112/1112 47/1113/1113 35/1114/1114
f 35/1114/1114 47/1113/1113 36/1115/1115
f 36/1115/1115 47/1113/1113 37/1116/1116
f 37/1116/1116 47/1113/1113 38/1117/1117
f 38/1117/1117 47/1113/1113 39/1118/1118
f 39/1118/1118 47/1113/1113 40/1119/1119
f 35/1114/1114 30/1120/1120 118/1112/1112
f 118/1112/1112 30/1120/1120 29/1121/1121
f 118/1112/1112 29/1121/1121 28/1122/1122
f 118/1112/1112 28/1122/1122 497/1065/1065
f 497/1065/1065 28/1122/1122 27/1123/1123
f 497/1065/1065 27/1123/1123 22/1124/1124
f 22/1124/1124 21/1125/1125 497/1065/1065
f 497/1065/1065 21/1125/1125 20/1126/1126
f 497/1065/1065 20/1126/1126 19/1127/1127
f 19/1127/1127 14/1128/1128 497/1065/1065
f 497/1065/1065 14/1128/1128 13/1129/1129
f 497/1065/1065 13/1129/1129 12/1130/1130
f 12/1130/1130 11/1063/1063 497/1065/1065
f 113/1108/1108 498/1110/1110 115/1104/1104
f 115/1104/1104 498/1110/1110 499/1131/1131
f 115/1104/1104 499/1131/1131 491/1077/1077
f 497/1065/1065 498/1110/1110 118/1112/1112
f 494/1078/1078 489/1132/1132 488/1072/1072
f 492/1133/1133 491/1134/1134 500/1135/1135
f 500/1135/1135 491/1134/1134 499/1136/1136
f 337/1137/1137 331/1138/1138 364/1139/1139
f 364/1139/1139 331/1138/1138 330/1140/1140
f 364/1139/1139 330/1140/1140 369/1141/1141
f 369/1141/1141 330/1140/1140 329/1142/1142
f 369/1141/1141 329/1142/1142 370/1143/1143
f 370/1143/1143 329/1142/1142 371/1144/1144
f 371/1144/1144 329/1142/1142 328/1145/1145
f 371/1144/1144 328/1145/1145 377/1146/1146
f 377/1146/1146 328/1145/1145 387/1147/1147
f 377/1146/1146 387/1147/1147 380/1148/1148
f 380/1148/1148 387/1147/1147 385/1149/1149
f 385/1149/1149 387/1147/1147 386/1150/1150
f 328/1145/1145 327/1151/1151 387/1147/1147
f 380/1148/1148 379/1152/1152 377/1146/1146
f 377/1146/1146 379/1152/1152 378/1153/1153
f 377/1146/1146 372/1154/1154 371/1144/1144
f 364/1139/1139 363/1155/1155 337/1137/1137
f 337/1137/1137 363/1155/1155 338/1156/1156
f 338/1156/1156 363/1155/1155 339/1157/1157
f 339/1157/1157 363/1155/1155 362/1158/1158
f 339/1157/1157 362/1158/1158 361/1159/1159
f 356/1160/1160 355/1161/1161 361/1159/1159
f 361/1159/1159 355/1161/1161 353/1162/1162
f 361/1159/1159 353/1162/1162 348/1163/1163
f 355/1161/1161 354/1164/1164 353/1162/1162
f 348/1163/1163 347/1165/1165 361/1159/1159
f 361/1159/1159 347/1165/1165 345/1166/1166
f 361/1159/1159 345/1166/1166 339/1157/1157
f 339/1157/1157 345/1166/1166 340/1167/1167
f 347/1165/1165 346/1168/1168 345/1166/1166
f 476/1169/1169 481/1170/1170 477/1171/1171
f 477/1171/1171 481/1170/1170 486/1172/1172
f 500/1173/1173 499/1174/1174 501/1175/1175
f 501/1175/1175 499/1174/1174 485/1176/1176
f 485/1176/1176 499/1174/1174 477/1177/1177
f 485/1176/1176 477/1177/1177 486/1178/1178
f 498/1179/1179 478/1180/1180 499/1174/1174
f 499/1174/1174 478/1180/1180 477/1177/1177
f 497/1181/1181 471/1182/1182 498/1183/1183
f 498/1183/1183 471/1182/1182 478/1184/1184
f 495/1185/1185 502/1186/1186 496/1187/1187
f 496/1187/1187 502/1186/1186 484/1188/1188
f 496/1187/1187 484/1188/1188 472/1189/1189
f 472/1189/1189 484/1188/1188 483/1190/1190
f 471/1191/1191 497/1192/1192 472/1189/1189
f 472/1189/1189 497/1192/1192 496/1187/1187
f 492/1193/1193 500/1194/1194 493/1195/1195
f 493/1195/1195 500/1194/1194 501/1196/1196
f 493/1195/1195 501/1196/1196 502/1197/1197
f 493/1195/1195 502/1197/1197 490/1198/1198
f 490/1198/1198 502/1197/1197 495/1199/1199
f 490/1198/1198 495/1199/1199 487/1200/1200
f 501/1201/1201 485/1202/1202 502/1203/1203
f 502/1203/1203 485/1202/1202 484/1204/1204
# 502 vertices
# 1204 texture params
# 1204 normals
# 1000 facets

# 1 groups
